50.3956	58
50.9209	58.0116
51.4461	46.0233
51.9713	52.0349
52.4965	58.0466
53.0237	60.0582
53.5488	54.0699
54.0739	56.0815
54.599	52.0931
55.124	60.1048
55.6511	58.1164
56.1761	58.1281
56.701	66.1397
57.2259	66.1513
57.7508	70.163
58.2756	66.1746
58.8004	76.1863
59.3273	86.1979
59.8521	82.2096
60.3768	80.2212
60.9015	86.2328
61.4261	88.2445
61.9508	94.2561
62.4754	94.2678
63	96.2794
63.5266	120.291
64.0511	106.303
64.5756	126.314
65.1001	114.326
65.6245	122.338
66.1489	126.349
66.6733	144.361
67.1976	140.373
67.7219	136.384
68.2462	152.396
68.7705	136.407
69.2947	146.419
69.8189	142.431
70.343	148.442
70.8672	152.454
71.3913	162.466
71.9153	160.477
72.4394	144.489
72.9634	164.501
73.4874	152.512
74.0113	162.524
74.5353	162.536
75.0592	162.547
75.583	156.559
76.1069	146.57
76.6307	162.582
77.1545	130.594
77.6782	138.605
78.2019	144.617
78.7256	140.629
79.2493	128.64
79.7729	146.652
80.2965	132.664
80.8201	140.675
81.3437	128.687
81.8672	142.699
82.3885	152.71
82.912	168.722
83.4354	192.733
83.9588	190.745
84.4822	170.757
85.0055	190.768
85.5288	164.78
86.0521	170.792
86.5754	144.803
87.0965	146.815
87.6197	130.827
88.1428	136.838
88.666	130.85
89.1891	126.862
89.7121	134.873
90.2331	124.885
90.7561	136.896
91.2791	150.908
91.802	134.92
92.325	126.931
92.8479	110.943
93.3686	108.955
93.8914	122.966
94.4143	136.978
94.937	116.99
95.4577	123.001
95.9804	117.013
96.5031	115.024
97.0258	115.036
97.5484	111.048
98.0689	117.059
98.5915	103.071
99.114	119.083
99.6365	129.094
100.157	119.106
100.679	113.118
101.202	115.129
101.722	111.141
102.244	123.153
102.767	111.164
103.289	99.1758
103.809	111.187
104.332	97.1991
104.854	115.211
105.374	105.222
105.896	105.234
106.418	117.246
106.938	111.257
107.46	115.269
107.982	95.2806
108.502	101.292
109.024	95.3039
109.544	103.316
110.066	103.327
110.588	97.3388
111.108	95.3505
111.629	97.3621
112.151	99.3737
112.671	85.3854
113.193	93.397
113.712	93.4087
114.234	93.4203
114.756	89.432
115.275	105.444
115.797	91.4552
116.316	83.4669
116.838	93.4785
117.357	91.4902
117.879	101.502
118.4	85.5135
118.92	93.5251
119.441	95.5367
119.96	105.548
120.482	95.56
121.001	89.5717
121.522	85.5833
122.041	95.5949
122.562	107.607
123.082	103.618
123.603	93.6299
124.122	87.6415
124.643	93.6532
125.162	99.6648
125.683	93.6764
126.202	93.6881
126.723	93.6997
127.242	91.7114
127.761	91.723
128.281	95.7346
128.8	89.7463
129.321	95.7579
129.84	93.7696
130.361	89.7812
130.879	87.7929
131.4	83.8045
131.919	91.8161
132.437	91.8278
132.958	87.8394
133.476	83.8511
133.997	95.8627
134.515	85.8744
135.034	103.886
135.554	79.8976
136.073	89.9093
136.591	97.9209
137.111	93.9326
137.63	95.9442
138.148	85.9558
138.668	81.9675
139.187	91.9791
139.705	97.9908
140.225	86.0024
140.743	78.0141
141.261	84.0257
141.781	96.0373
142.299	94.049
142.817	94.0606
143.337	98.0723
143.855	92.0839
144.373	90.0956
144.893	96.1072
145.411	90.1188
145.929	98.1305
146.447	92.1421
146.967	90.1538
147.484	92.1654
148.002	94.177
148.52	98.1887
149.039	88.2003
149.557	80.212
150.075	106.224
150.592	90.2353
151.11	80.2469
151.629	94.2585
152.147	94.2702
152.664	88.2818
153.182	82.2935
153.699	86.3051
154.218	84.3167
154.736	92.3284
155.253	86.34
155.77	96.3517
156.288	84.3633
156.805	92.375
157.324	90.3866
157.841	76.3982
158.358	80.4099
158.876	80.4215
159.393	88.4332
159.91	76.4448
160.427	92.4565
160.946	80.4681
161.463	94.4797
161.98	86.4914
162.497	78.503
163.013	86.5147
163.53	74.5263
164.047	68.5379
164.564	88.5496
165.081	84.5612
165.597	88.5729
166.114	88.5845
166.633	76.5962
167.149	72.6078
167.666	90.6194
168.183	72.6311
168.699	80.6427
169.216	88.6544
169.732	70.666
170.249	90.6777
170.765	82.6893
171.281	80.7009
171.798	92.7126
172.314	80.7242
172.831	70.7359
173.347	92.7475
173.863	78.7591
174.379	74.7708
174.896	86.7824
175.412	70.7941
175.928	74.8057
176.444	94.8174
176.96	78.829
177.474	88.8406
177.99	86.8523
178.506	76.8639
179.022	92.8756
179.538	78.8872
180.054	68.8988
180.57	90.9105
181.086	80.9221
181.602	86.9338
182.117	94.9454
182.633	80.9571
183.149	78.9687
183.662	86.9803
184.178	74.992
184.694	83.0036
185.209	91.0153
185.725	73.0269
186.241	85.0386
186.756	79.0502
187.27	87.0618
187.785	85.0735
188.301	85.0851
188.816	75.0968
189.331	93.1084
189.847	81.12
190.36	85.1317
190.875	81.1433
191.391	79.155
191.906	81.1666
192.421	89.1783
192.934	79.1899
193.449	85.2015
193.965	81.2132
194.48	71.2248
194.993	93.2365
195.508	87.2481
196.023	77.2597
196.538	75.2714
197.051	87.283
197.566	87.2947
198.081	83.3063
198.595	79.318
199.108	85.3296
199.623	83.3412
200.138	83.3529
200.653	79.3645
201.165	87.3762
201.68	81.3878
202.195	95.3995
202.707	77.4111
203.222	75.4227
203.736	91.4344
204.249	83.446
204.764	85.4577
205.278	81.4693
205.79	83.4809
206.305	83.4926
206.819	95.5042
207.332	79.5159
207.846	99.5275
208.358	95.5392
208.873	97.5508
209.387	81.5624
209.899	93.5741
210.413	87.5857
210.928	105.597
211.44	101.609
211.954	89.6206
212.466	83.6323
212.98	95.6439
213.492	95.6556
214.006	99.6672
214.52	93.6789
215.032	99.6905
215.546	87.7021
216.058	85.7138
216.571	95.7254
217.083	93.7371
217.597	89.7487
218.109	105.76
218.623	103.772
219.134	89.7836
219.648	91.7953
220.16	103.807
220.673	95.8186
221.185	95.8302
221.698	99.8418
222.21	125.853
222.723	103.865
223.235	113.877
223.748	113.888
224.26	119.9
224.773	113.912
225.284	115.923
225.798	129.935
226.309	127.947
226.82	127.958
227.334	119.97
227.845	143.982
228.358	143.993
228.869	136.005
229.38	112.016
229.893	128.028
230.404	134.04
230.918	130.051
231.429	132.063
231.939	124.075
232.452	124.086
232.963	124.098
233.474	132.11
233.987	132.121
234.498	134.133
235.011	132.145
235.522	124.156
236.032	140.168
236.545	138.179
237.056	146.191
237.566	142.203
238.077	142.214
238.59	132.226
239.1	146.238
239.611	134.249
240.123	140.261
240.634	138.273
241.144	134.284
241.657	148.296
242.167	142.308
242.678	122.319
243.188	130.331
243.7	124.342
244.211	140.354
244.721	132.366
245.231	132.377
245.743	138.389
246.253	138.401
246.764	128.412
247.274	134.424
247.784	130.436
248.296	132.447
248.806	140.459
249.316	134.471
249.826	126.482
250.336	140.494
250.848	148.505
251.358	136.517
251.868	136.529
252.377	138.54
252.887	140.552
253.397	144.564
253.907	144.575
254.418	130.587
254.928	124.599
255.438	138.61
255.947	140.622
256.457	152.633
256.967	156.645
257.476	146.657
257.986	136.668
258.497	126.68
259.007	138.692
259.516	144.703
260.026	156.715
260.535	144.727
261.044	150.738
261.554	152.75
262.063	152.762
262.572	152.773
263.081	154.785
263.591	146.796
264.1	158.808
264.609	150.82
265.118	148.831
265.627	156.843
266.136	152.855
266.645	144.866
267.154	148.878
267.663	148.89
268.172	152.901
268.681	158.913
269.19	150.925
269.699	168.936
270.208	144.948
270.717	160.959
271.225	148.971
271.734	158.983
272.243	146.994
272.751	163.006
273.26	163.018
273.769	157.029
274.277	163.041
274.786	147.053
275.295	147.064
275.801	159.076
276.31	163.088
276.818	151.099
277.326	167.111
277.835	175.122
278.343	157.134
278.852	153.146
279.36	177.157
279.868	169.169
280.374	169.181
280.883	157.192
281.391	173.204
281.899	165.216
282.407	177.227
282.915	181.239
283.422	161.251
283.93	169.262
284.438	175.274
284.946	181.285
285.454	193.297
285.96	183.309
286.468	179.32
286.975	171.332
287.483	193.344
287.991	175.355
288.497	191.367
289.005	185.379
289.513	189.39
290.02	185.402
290.526	183.414
291.034	183.425
291.541	195.437
292.049	189.448
292.554	183.46
293.062	181.472
293.57	197.483
294.077	177.495
294.583	175.507
295.09	205.518
295.598	199.53
296.103	219.542
296.61	209.553
297.118	211.565
297.623	217.576
298.13	221.588
298.637	249.6
299.143	221.611
299.65	233.623
300.157	239.635
300.662	235.646
301.169	249.658
301.676	243.67
302.181	251.681
302.688	241.693
303.193	255.705
303.7	253.716
304.207	241.728
304.712	251.739
305.219	221.751
305.724	227.763
306.231	209.774
306.738	225.786
307.242	211.798
307.749	203.809
308.254	213.821
308.761	191.833
309.265	201.844
309.772	203.856
310.276	193.868
310.783	197.879
311.287	201.891
311.794	183.902
312.298	181.914
312.805	183.926
313.309	191.937
313.816	169.949
314.32	169.961
314.827	167.972
315.331	181.984
315.837	169.996
316.341	186.007
316.848	172.019
317.352	166.031
317.858	180.042
318.362	160.054
318.868	166.065
319.372	176.077
319.876	160.089
320.383	178.1
320.887	164.112
321.393	168.124
321.897	160.135
322.402	156.147
322.906	160.159
323.41	156.17
323.916	138.182
324.42	168.194
324.924	172.205
325.429	148.217
325.933	140.228
326.439	146.24
326.943	146.252
327.446	154.263
327.952	138.275
328.455	156.287
328.959	146.298
329.465	162.31
329.968	166.322
330.471	134.333
330.977	164.345
331.48	146.357
331.984	146.368
332.487	148.38
332.993	136.391
333.496	138.403
333.999	160.415
334.504	134.426
335.008	136.438
335.511	152.45
336.014	128.461
336.519	142.473
337.022	144.485
337.525	130.496
338.028	144.508
338.531	134.519
339.036	140.531
339.539	138.543
340.042	152.554
340.545	146.566
341.048	150.578
341.553	132.589
342.056	136.601
342.559	122.613
343.061	138.624
343.564	146.636
344.069	128.648
344.572	144.659
345.074	142.671
345.577	136.682
346.08	132.694
346.582	144.706
347.085	138.717
347.589	140.729
348.092	138.741
348.594	140.752
349.097	128.764
349.599	142.776
350.101	122.787
350.604	130.799
351.106	128.811
351.608	140.822
352.111	136.834
352.613	134.845
353.117	128.857
353.62	146.869
354.122	126.88
354.624	136.892
355.126	126.904
355.628	124.915
356.13	136.927
356.632	148.939
357.134	136.95
357.636	130.962
358.138	120.974
358.64	134.985
359.142	132.997
359.644	135.008
360.146	125.02
360.647	135.032
361.149	123.043
361.651	123.055
362.153	125.067
362.654	119.078
363.156	129.09
363.658	135.102
364.157	123.113
364.659	127.125
365.16	137.137
365.662	131.148
366.163	123.16
366.665	131.171
367.166	117.183
367.668	111.195
368.169	119.206
368.671	119.218
369.172	125.23
369.671	135.241
370.172	121.253
370.674	131.265
371.175	117.276
371.676	111.288
372.177	137.299
372.678	115.311
373.178	123.323
373.679	125.334
374.18	123.346
374.681	121.358
375.182	111.369
375.681	113.381
376.182	123.393
376.683	123.404
377.184	107.416
377.684	125.428
378.183	123.439
378.684	123.451
379.185	129.462
379.686	123.474
380.186	123.486
380.685	119.497
381.186	111.509
381.686	125.521
382.185	117.532
382.686	123.544
383.186	117.556
383.687	107.567
384.185	125.579
384.686	115.591
385.186	109.602
385.685	115.614
386.185	111.625
386.685	115.637
387.186	105.649
387.684	113.66
388.184	117.672
388.685	111.684
389.183	115.695
389.683	111.707
390.183	111.719
390.681	113.73
391.181	113.742
391.68	117.754
392.18	109.765
392.68	119.777
393.178	107.788
393.678	115.8
394.176	109.812
394.676	107.823
395.175	113.835
395.673	109.847
396.173	107.858
396.671	109.87
397.171	105.882
397.671	101.893
398.168	121.905
398.668	109.917
399.166	99.9282
399.665	101.94
400.163	103.951
400.663	111.963
401.16	107.975
401.66	101.986
402.157	101.998
402.657	114.01
403.154	98.0213
403.654	106.033
404.151	106.045
404.65	112.056
405.148	108.068
405.647	114.08
406.144	116.091
406.644	114.103
407.141	110.114
407.64	104.126
408.137	114.138
408.635	100.149
409.134	106.161
409.631	110.173
410.13	98.1843
410.627	114.196
411.126	116.208
411.623	108.219
412.12	116.231
412.619	108.243
413.116	92.2541
413.613	122.266
414.112	104.277
414.608	106.289
415.107	100.301
415.604	114.312
416.101	96.324
416.6	112.336
417.096	102.347
417.593	106.359
418.092	104.371
418.588	98.3822
419.085	110.394
419.583	114.405
420.08	106.417
420.576	110.429
421.073	108.44
421.571	114.452
422.068	116.464
422.564	94.4753
423.063	104.487
423.559	118.499
424.055	106.51
424.551	116.522
425.05	120.534
425.546	114.545
426.042	128.557
426.538	122.568
427.037	106.58
427.533	118.592
428.029	116.603
428.525	114.615
429.021	120.627
429.519	124.638
430.015	112.65
430.511	124.662
431.007	112.673
431.503	110.685
431.999	118.697
432.496	118.708
432.992	136.72
433.488	126.731
433.984	116.743
434.48	116.755
434.975	118.766
435.473	116.778
435.969	124.79
436.464	126.801
436.96	114.813
437.456	110.825
437.951	118.836
438.447	90.8479
438.942	114.86
439.438	108.871
439.933	102.883
440.428	108.894
440.926	106.906
441.421	106.918
441.917	108.929
442.412	94.941
442.907	94.9527
443.402	116.964
443.898	96.9759
444.393	110.988
444.888	100.999
445.383	103.011
445.878	111.023
446.374	103.034
446.869	99.0458
447.364	101.057
447.859	97.0691
448.354	89.0807
448.849	89.0924
449.344	87.104
449.838	91.1156
450.333	89.1273
450.828	85.1389
451.323	87.1506
451.818	89.1622
452.311	83.1739
452.805	85.1855
453.3	85.1971
453.795	83.2088
454.289	85.2204
454.784	85.2321
455.279	79.2437
455.773	79.2553
456.268	75.267
456.762	79.2786
457.255	79.2903
457.749	69.3019
458.244	65.3136
458.738	77.3252
459.233	73.3368
459.727	77.3485
460.221	75.3601
460.714	71.3718
461.208	81.3834
461.702	79.3951
462.196	75.4067
462.691	77.4183
463.185	77.43
463.677	75.4416
464.171	87.4533
464.665	75.4649
465.159	77.4765
465.651	79.4882
466.145	83.4998
466.639	87.5115
467.133	81.5231
467.627	75.5348
468.119	85.5464
468.613	87.558
469.107	75.5697
469.601	91.5813
470.093	91.593
470.586	97.6046
471.08	95.6162
471.572	91.6279
472.066	91.6395
472.559	93.6512
473.051	93.6628
473.544	91.6745
474.038	109.686
474.532	87.6977
475.023	91.7094
475.517	105.721
476.008	97.7327
476.502	93.7443
476.995	85.756
477.486	97.7676
477.98	99.7792
478.473	99.7909
478.965	99.8025
479.458	107.814
479.951	101.826
480.442	105.837
480.936	119.849
481.427	117.861
481.92	117.872
482.411	109.884
482.904	111.896
483.397	111.907
483.888	119.919
484.381	107.931
484.872	119.942
485.365	125.954
485.856	125.966
486.349	139.977
486.84	121.989
487.333	128
487.826	144.012
488.317	130.024
488.809	126.035
489.3	142.047
489.793	116.059
490.284	154.07
490.774	146.082
491.267	140.094
491.758	150.105
492.25	148.117
492.741	146.128
493.233	166.14
493.724	158.152
494.216	172.163
494.707	160.175
495.199	178.187
495.69	164.198
496.18	180.21
496.672	170.222
497.163	174.233
497.655	188.245
498.145	174.257
498.636	208.268
499.128	190.28
499.618	196.291
500.11	234.303
500.6	232.315
501.09	238.326
501.583	248.338
502.073	256.35
502.563	258.361
503.055	278.373
503.545	292.385
504.035	294.396
504.527	332.408
505.017	326.42
505.506	378.431
505.998	374.443
506.488	392.454
506.978	420.466
507.468	432.478
507.959	478.489
508.449	506.501
508.939	548.513
509.431	604.524
509.92	644.536
510.41	724.548
510.899	798.559
511.391	834.571
511.881	938.583
512.37	1090.59
512.859	1156.61
513.349	1374.62
513.84	1574.63
514.33	1790.64
514.819	2070.65
515.309	2408.66
515.798	2936.68
516.289	3595.89
516.778	4436.68
517.268	5605.91
517.757	7124.9
518.246	9420.03
518.735	12632.6
519.226	16665.7
519.716	21332.5
520.205	24595.1
520.694	24995.9
521.183	22239.1
521.672	17877.1
522.161	13716.9
522.65	10189.9
523.139	7804.36
523.63	6100.6
524.118	4862.44
524.607	3901.34
525.096	3281.4
525.585	2713.16
526.074	2335.83
526.562	2032.89
527.051	1749.3
527.54	1572.3
528.029	1410.97
528.517	1225.8
529.006	1150.28
529.494	1033.87
529.983	960.3
530.471	859.451
530.96	780.908
531.448	752.897
531.937	699.586
532.425	662.543
532.914	607.291
533.402	616.66
533.89	541.96
534.379	523.457
534.867	483.243
535.355	469.962
535.844	456.963
536.332	426.057
536.82	398.628
537.308	379.597
537.796	383.941
538.284	366.909
538.773	347.226
539.259	330.859
539.747	309.007
540.235	313.119
540.723	308.506
541.211	301.24
541.698	281.243
542.186	271.436
542.674	274.641
543.16	259.626
543.648	246.028
544.136	250.592
544.624	229.03
545.111	222.048
545.599	208.847
546.085	199.154
546.572	217.757
547.06	217.89
547.548	187.018
548.035	202.583
548.523	183.243
549.008	169.203
549.496	174.251
549.983	173.689
550.471	165.402
550.956	160.588
551.444	158.311
551.931	165.494
552.418	157.147
552.904	157.755
553.391	145.301
553.878	138.251
554.365	130.931
554.851	139.697
555.338	136.433
555.825	128.333
556.31	132.986
556.797	121.005
557.284	129.247
557.769	123.506
558.257	114.661
558.744	120.119
559.229	119.763
559.716	113.579
560.202	106.822
560.687	104.588
561.174	103.008
561.661	112.185
562.146	111.935
562.633	100.774
563.12	98.5935
563.604	92.5594
564.091	92.219
564.576	97.6968
564.754	99.8317
565.245	95.8485
565.738	97.8653
566.228	99.8821
566.719	95.8989
567.212	81.9157
567.702	95.9325
568.193	89.9492
568.685	91.966
569.176	79.9828
569.666	75.9996
570.159	90.0164
570.649	86.0332
571.14	80.05
571.63	74.0667
572.122	80.0835
572.613	76.1003
573.103	82.1171
573.595	58.1339
574.086	86.1507
574.576	72.1674
575.066	68.1842
575.558	78.201
576.048	76.2178
576.539	72.2346
577.029	72.2514
577.519	80.2682
578.011	72.285
578.501	72.3017
578.991	74.3185
579.481	76.3353
579.971	74.3521
580.463	76.3689
580.953	68.3857
581.442	74.4024
581.932	62.4192
582.422	76.436
582.914	60.4528
583.404	76.4696
583.893	66.4864
584.383	74.5031
584.873	66.5199
585.362	82.5367
585.852	68.5535
586.342	70.5703
586.833	74.5871
587.323	72.6039
587.812	64.6206
588.302	64.6374
588.791	66.6542
589.281	74.671
589.77	70.6878
590.259	60.7046
590.749	82.7214
591.238	64.7381
591.727	70.7549
592.219	68.7717
592.708	58.7885
593.197	68.8053
593.686	66.8221
594.176	62.8388
594.665	60.8556
595.154	68.8724
595.643	70.8892
596.132	80.906
596.621	64.9228
597.11	64.9396
597.599	72.9563
598.088	66.9731
598.577	66.9899
599.066	75.0067
599.555	77.0235
600.044	77.0403
600.533	75.057
601.021	75.0738
601.51	67.0906
601.999	69.1074
602.488	63.1242
602.974	73.141
603.463	73.1578
603.952	69.1745
604.44	83.1913
604.929	61.2081
605.417	75.2249
605.906	79.2417
606.394	83.2585
606.883	71.2753
607.371	75.292
607.86	85.3088
608.346	79.3256
608.835	91.3424
609.323	79.3592
609.811	79.376
610.3	87.3927
610.788	73.4095
611.276	85.4263
611.762	75.4431
612.251	85.4599
612.739	81.4767
613.227	89.4935
613.715	95.5102
614.203	81.527
614.689	91.5438
615.177	89.5606
615.665	89.5774
616.153	87.5942
616.641	97.6109
617.127	95.6277
617.615	95.6445
618.103	99.6613
618.591	93.6781
619.079	91.6949
619.565	87.7117
620.052	89.7284
620.54	91.7452
621.028	95.762
621.513	101.779
622.001	99.7956
622.489	91.8124
622.974	93.8292
623.462	87.8459
623.95	85.8627
624.437	83.8795
624.923	91.8963
625.41	87.9131
625.898	87.9299
626.383	87.9466
626.87	85.9634
627.358	75.9802
627.843	67.997
628.331	84.0138
628.818	88.0306
629.303	86.0474
629.79	74.0641
630.278	78.0809
630.763	70.0977
631.25	70.1145
631.735	80.1313
632.222	72.1481
632.709	76.1649
633.195	84.1816
633.682	70.1984
634.167	84.2152
634.654	70.232
635.141	74.2488
635.625	64.2656
636.112	74.2823
636.597	76.2991
637.084	80.3159
637.569	78.3327
638.056	90.3495
638.543	86.3663
639.027	84.3831
639.514	64.3998
639.999	80.4166
640.486	74.4334
640.97	90.4502
641.457	68.467
641.941	66.4838
642.428	76.5005
642.913	74.5173
643.399	72.5341
643.884	64.5509
644.37	72.5677
644.854	72.5845
645.341	82.6013
645.825	78.618
646.312	64.6348
646.796	72.6516
647.28	72.6684
647.767	60.6852
648.251	74.702
648.737	68.7188
649.221	68.7355
649.708	70.7523
650.192	72.7691
650.676	66.7859
651.162	66.8027
651.646	76.8195
652.132	70.8363
652.616	68.853
653.1	70.8698
653.586	60.8866
654.07	66.9034
654.556	76.9202
655.04	72.937
655.524	76.9537
656.01	68.9705
656.494	78.9873
656.977	63.0041
657.463	83.0209
657.947	69.0377
658.431	77.0545
658.916	73.0712
659.4	71.088
659.884	75.1048
660.367	77.1216
660.853	69.1384
661.336	73.1552
661.82	77.1719
662.305	85.1887
662.789	75.2055
663.272	73.2223
663.756	73.2391
664.241	73.2559
664.725	71.2727
665.208	71.2894
665.691	75.3062
666.177	73.323
666.66	79.3398
667.143	87.3566
667.626	73.3734
668.112	89.3902
668.595	81.4069
669.078	73.4237
669.561	87.4405
670.044	79.4573
670.529	73.4741
671.012	89.4909
671.495	75.5076
671.978	81.5244
672.461	93.5412
672.944	75.558
673.429	81.5748
673.912	79.5916
674.395	79.6084
674.878	75.6251
675.361	73.6419
675.843	73.6587
676.326	87.6755
676.809	77.6923
677.294	73.7091
677.776	67.7258
678.259	67.7426
678.742	77.7594
679.224	75.7762
679.707	59.793
680.189	75.8098
680.672	69.8266
681.154	59.8433
681.637	65.8601
682.119	73.8769
682.602	67.8937
683.084	77.9105
683.567	75.9273
684.049	73.9441
684.533	71.9608
685.016	49.9776
685.498	71.9944
685.98	80.0112
686.462	54.028
686.944	80.0448
687.427	66.0615
687.909	72.0783
688.391	68.0951
688.871	54.1119
689.353	60.1287
689.835	82.1455
690.317	60.1623
690.799	58.179
691.281	76.1958
691.763	64.2126
692.245	72.2294
692.727	70.2462
693.209	62.263
693.691	72.2797
694.172	66.2965
694.654	62.3133
695.136	72.3301
695.618	56.3469
696.097	60.3637
696.579	70.3805
697.061	54.3972
697.542	66.414
698.024	64.4308
698.506	54.4476
698.987	62.4644
699.469	64.4812
699.948	54.498
700.43	66.5147
700.911	64.5315
701.393	52.5483
701.874	60.5651
702.355	72.5819
702.835	56.5987
703.316	58.6154
703.797	48.6322
704.279	56.649
704.76	56.6658
705.239	62.6826
705.72	54.6994
706.201	60.7162
706.683	52.7329
707.162	60.7497
707.643	54.7665
708.124	56.7833
708.605	50.8001
709.084	48.8169
709.565	46.8337
710.046	54.8504
710.527	54.8672
711.006	54.884
711.487	56.9008
711.968	50.9176
712.448	48.9344
712.927	52.9511
713.408	46.9679
713.889	46.9847
714.368	55.0015
714.848	41.0183
715.329	57.0351
715.808	55.0519
716.288	43.0686
716.769	65.0854
717.247	53.1022
717.728	49.119
718.209	55.1358
718.687	49.1526
719.168	45.1693
719.646	61.1861
720.126	57.2029
720.607	47.2197
721.085	53.2365
721.566	41.2533
722.044	57.2701
722.524	63.2868
723.005	43.3036
723.483	57.3204
723.963	53.3372
724.441	55.354
724.921	59.3708
725.4	59.3876
725.88	51.4043
726.36	51.4211
726.838	53.4379
727.318	53.4547
727.796	67.4715
728.276	45.4883
728.754	41.505
729.234	65.5218
729.712	47.5386
730.192	47.5554
730.67	51.5722
731.15	53.589
731.627	65.6058
732.107	57.6225
732.585	45.6393
733.065	55.6561
733.542	53.6729
734.02	45.6897
734.5	59.7065
734.977	51.7232
735.457	47.74
735.935	51.7568
736.414	47.7736
736.892	55.7904
737.369	61.8072
737.849	43.824
738.326	57.8407
738.806	57.8575
739.283	53.8743
739.761	55.8911
740.24	49.9079
740.717	61.9247
741.197	55.9415
741.674	57.9582
742.151	53.975
742.63	61.9918
743.108	52.0086
743.585	58.0254
744.064	52.0422
744.541	46.0589
745.018	54.0757
745.497	62.0925
745.974	48.1093
746.451	52.1261
746.93	58.1429
747.407	48.1597
747.884	56.1764
748.361	60.1932
748.84	52.21
749.317	58.2268
749.794	56.2436
750.273	52.2604
750.75	58.2771
751.227	52.2939
751.703	56.3107
752.182	64.3275
752.659	54.3443
753.135	40.3611
753.612	60.3779
754.089	52.3946
754.567	58.4114
755.044	52.4282
755.521	42.445
755.997	62.4618
756.474	58.4786
756.952	52.4954
757.429	60.5121
757.905	62.5289
758.381	52.5457
758.858	66.5625
759.334	56.5793
759.813	56.5961
760.289	60.6128
760.765	60.6296
761.241	68.6464
761.718	54.6632
762.194	50.68
762.67	70.6968
763.148	56.7136
763.624	54.7303
764.1	66.7471
764.576	56.7639
765.053	56.7807
765.529	54.7975
766.005	50.8143
766.481	56.8311
766.957	60.8478
767.432	64.8646
767.908	58.8814
768.384	60.8982
768.86	58.915
769.336	70.9318
769.812	56.9485
770.29	54.9653
770.765	56.9821
771.241	48.9989
771.717	53.0157
772.193	69.0325
772.668	61.0493
773.144	61.066
773.619	71.0828
774.095	57.0996
774.569	75.1164
775.044	59.1332
775.52	53.15
775.995	67.1668
776.471	57.1835
776.946	63.2003
777.421	67.2171
777.897	55.2339
778.372	55.2507
778.848	67.2675
779.323	71.2842
779.798	67.301
780.273	63.3178
780.749	69.3346
781.224	63.3514
781.697	63.3682
782.172	59.385
782.647	67.4017
783.122	59.4185
783.598	57.4353
784.073	71.4521
784.548	65.4689
785.023	65.4857
785.496	65.5024
785.971	69.5192
786.446	71.536
786.92	67.5528
787.395	55.5696
787.868	65.5864
788.343	65.6032
788.818	69.6199
789.293	73.6367
789.767	51.6535
790.24	67.6703
790.715	77.6871
791.19	55.7039
791.664	51.7206
792.139	77.7374
792.612	61.7542
793.086	71.771
793.561	65.7878
794.035	59.8046
794.508	69.8214
794.982	69.8382
795.457	73.8549
795.931	71.8717
796.404	63.8885
796.878	71.9053
797.352	63.9221
797.825	51.9389
798.299	71.9556
798.773	67.9724
799.246	69.9892
799.72	64.006
800.194	72.0228
800.666	78.0396
801.14	76.0563
801.615	66.0731
802.087	76.0899
802.561	74.1067
803.035	70.1235
803.507	74.1403
803.981	76.1571
804.453	74.1738
804.927	74.1906
805.401	70.2074
805.873	78.2242
806.347	68.241
806.818	82.2578
807.292	70.2746
807.766	76.2913
808.238	72.3081
808.712	78.3249
809.183	82.3417
809.657	68.3585
810.129	78.3753
810.603	72.3921
811.076	86.4088
811.548	70.4256
812.021	82.4424
812.493	82.4592
812.967	80.476
813.438	80.4928
813.912	74.5095
814.383	78.5263
814.857	80.5431
815.328	88.5599
815.801	88.5767
816.273	76.5935
816.746	90.6102
817.217	76.627
817.689	74.6438
818.162	68.6606
818.633	68.6774
819.106	82.6942
819.578	88.711
820.051	82.7277
820.522	82.7445
820.995	80.7613
821.466	82.7781
821.937	82.7949
822.41	76.8117
822.881	80.8285
823.354	74.8452
823.825	82.862
824.296	72.8788
824.769	78.8956
825.24	86.9124
825.711	90.9292
826.184	76.9459
826.655	76.9627
827.126	80.9795
827.598	84.9963
828.069	85.0131
828.54	73.0299
829.013	79.0467
829.483	81.0634
829.954	81.0802
830.427	81.097
830.897	87.1138
831.368	77.1306
831.84	75.1474
832.311	79.1641
832.781	77.1809
833.252	85.1977
833.724	79.2145
834.195	71.2313
834.665	77.2481
835.136	75.2649
835.608	81.2816
836.078	67.2984
836.549	75.3152
837.019	77.332
837.489	75.3488
837.961	73.3656
838.432	67.3824
838.902	77.3991
839.372	73.4159
839.842	81.4327
840.314	69.4495
840.784	69.4663
841.255	71.4831
841.725	63.4999
842.195	77.5166
842.665	75.5334
843.137	73.5502
843.607	75.567
844.076	73.5838
844.546	67.6006
845.016	71.6173
845.486	75.6341
845.956	71.6509
846.428	71.6677
846.898	75.6845
847.367	63.7013
847.837	73.718
848.307	73.7348
848.776	69.7516
849.246	59.7684
849.716	77.7852
850.185	71.802
850.655	73.8188
851.125	73.8355
851.594	79.8523
852.064	69.8691
852.533	69.8859
853.003	81.9027
853.472	79.9195
853.941	75.9363
854.411	67.953
854.88	77.9698
855.349	87.9866
855.819	80.0034
856.288	74.0202
856.757	70.037
857.227	64.0537
857.696	78.0705
858.165	78.0873
858.634	78.1041
859.103	64.1209
859.573	66.1377
860.042	78.1545
860.511	76.1712
860.98	76.188
861.449	80.2048
861.918	72.2216
862.387	76.2384
862.856	70.2552
863.325	82.2719
863.792	60.2887
864.26	80.3055
864.729	78.3223
865.198	76.3391
865.667	82.3559
866.136	90.3727
866.604	74.3894
867.071	74.4062
867.54	72.423
868.009	72.4398
868.477	72.4566
868.946	72.4734
869.414	76.4902
869.881	72.5069
870.35	70.5237
870.818	86.5405
871.287	72.5573
871.755	74.5741
872.222	80.5909
872.69	70.6077
873.159	78.6244
873.627	80.6412
874.095	80.658
874.562	76.6748
875.03	82.6916
875.498	70.7084
875.967	76.7251
876.433	92.7419
876.901	72.7587
877.369	72.7755
877.835	74.7923
878.304	74.8091
878.772	80.8259
879.24	68.8426
879.706	78.8594
880.174	74.8762
880.642	76.893
881.108	82.9098
881.576	86.9266
882.044	70.9433
882.51	74.9601
882.978	88.9769
883.446	68.9937
883.912	81.0105
884.379	79.0273
884.847	67.0441
885.313	81.0608
885.781	81.0776
886.247	75.0944
886.714	87.1112
887.182	83.128
887.648	79.1448
888.115	81.1616
888.581	79.1783
889.049	87.1951
889.516	79.2119
889.982	73.2287
890.449	93.2455
890.915	91.2623
891.382	87.279
891.848	73.2958
892.315	83.3126
892.78	87.3294
893.248	79.3462
893.713	73.363
894.181	85.3798
894.646	75.3965
895.113	83.4133
895.578	89.4301
896.046	79.4469
896.511	79.4637
896.978	91.4805
897.443	73.4973
897.91	73.514
898.375	67.5308
898.843	71.5476
899.308	79.5644
899.775	81.5812
900.24	73.598
900.707	91.6147
901.172	83.6315
901.637	81.6483
902.104	91.6651
902.568	79.6819
903.035	83.6987
903.5	81.7155
903.965	81.7322
904.432	85.749
904.897	83.7658
905.363	73.7826
905.828	87.7994
906.293	75.8162
906.76	77.8329
907.224	91.8497
907.689	91.8665
908.155	77.8833
908.62	93.9001
909.085	77.9169
909.551	85.9337
910.016	91.9504
910.48	83.9672
910.947	85.984
911.411	88.0008
911.876	82.0176
912.34	88.0344
912.806	88.0512
913.271	68.0679
913.735	80.0847
914.199	72.1015
914.666	86.1183
915.13	94.1351
915.594	88.1519
916.058	86.1686
916.524	90.1854
916.989	92.2022
917.453	82.219
917.917	92.2358
918.383	84.2526
918.847	90.2694
919.311	92.2861
919.775	98.3029
920.239	96.3197
920.705	96.3365
921.169	88.3533
921.633	94.3701
922.097	94.3868
922.561	88.4036
923.025	104.42
923.488	100.437
923.954	96.454
924.418	104.471
924.882	92.4876
925.345	114.504
925.809	110.521
926.273	106.538
926.737	120.555
927.2	118.571
927.666	112.588
928.129	134.605
928.593	146.622
929.056	162.639
929.52	158.655
929.983	186.672
930.447	150.689
930.91	182.706
931.374	184.723
931.837	186.739
932.301	202.756
932.764	190.773
933.227	204.79
933.691	234.806
934.154	226.823
934.617	248.84
935.08	248.857
935.544	252.874
936.007	252.89
936.47	258.907
936.933	264.924
937.396	292.941
937.859	310.958
938.322	316.974
938.785	302.991
939.248	313.008
939.711	335.025
940.174	347.041
940.637	339.058
941.1	365.075
941.563	369.092
942.024	347.109
942.487	343.125
942.95	347.142
943.413	357.159
943.875	379.176
944.338	349.193
944.801	341.209
945.264	349.226
945.724	327.243
946.187	359.26
946.65	365.276
947.112	345.293
947.575	347.31
948.037	347.327
948.5	355.344
948.96	325.36
949.423	363.377
949.885	351.394
950.348	351.411
950.81	357.428
951.271	335.444
951.733	355.461
952.195	359.478
952.658	337.495
953.118	355.511
953.58	325.528
954.043	359.545
954.505	349.562
954.965	335.579
955.427	335.595
955.889	325.612
956.352	335.629
956.812	343.718
957.274	355.459
957.736	331.916
958.196	349.702
958.658	357.056
959.12	328.449
959.582	330.9
960.042	336.304
960.504	335.945
960.966	340.747
961.426	357.7
961.888	341.603
962.347	332.308
962.809	355.604
963.271	336.726
963.731	363.66
964.193	333.482
964.654	353.568
965.114	355.697
965.576	348.726
966.035	346.63
966.497	354.544
966.958	332.43
967.418	340.798
967.88	331.626
968.339	342.572
968.801	341.583
969.26	351.61
969.722	332.756
970.183	365.559
970.643	345.728
971.104	360.537
971.563	363.448
972.025	348.653
972.484	360.106
972.945	359.414
973.405	376.45
973.866	349.833
974.325	353.124
974.786	359.531
975.245	366.545
975.707	356.042
976.166	354.783
976.627	361.759
977.086	365.371
977.545	351.041
978.006	359.808
978.465	355.334
978.926	363.694
979.385	358.983
979.846	352.676
980.305	352.994
980.764	365.651
981.225	343.371
981.684	358.661
982.144	363.102
982.603	340.851
983.062	347.066
983.523	354.916
983.982	356.997
984.44	353.859
984.901	344.184
985.36	332.88
985.82	326.6
986.279	334.452
986.737	325.634
987.198	320.955
987.657	311.777
988.115	309.242
988.574	315.031
989.034	298.574
989.493	279.49
989.951	274.193
990.411	254.58
990.87	247.792
991.328	248.597
991.787	234.613
992.247	230.132
992.705	214.192
993.163	201.462
993.622	207.454
994.082	197.345
994.54	190.401
994.998	178.809
995.456	178.725
995.917	174.064
996.375	171.407
996.833	168.373
997.291	157.082
997.749	163.375
998.207	153.012
998.667	159.183
999.125	160.208
999.583	150.899
1000.04	144.716
1000.5	150.372
1000.96	148.333
1001.42	142.36
1001.87	144.998
1002.33	133.567
1002.79	132.115
1003.25	131.955
1003.71	131.453
1003.97	139.227
1004.43	133.233
1004.89	125.239
1005.36	129.244
1005.82	121.25
1006.28	113.256
1006.74	123.262
1007.21	127.267
1007.67	115.273
1008.13	125.279
1008.6	105.285
1009.06	109.291
1009.52	101.296
1009.99	111.302
1010.45	99.3079
1010.91	107.314
1011.38	105.32
1011.84	87.3253
1012.3	101.331
1012.76	95.3369
1013.23	105.343
1013.69	93.3484
1014.15	89.3542
1014.61	115.36
1015.08	97.3658
1015.54	101.372
1016	99.3774
1016.46	99.3832
1016.93	105.389
1017.39	99.3947
1017.85	95.4005
1018.31	81.4063
1018.78	85.4121
1019.24	87.4179
1019.7	89.4237
1020.16	79.4295
1020.62	93.4352
1021.09	85.441
1021.55	81.4468
1022.01	97.4526
1022.47	79.4584
1022.93	75.4642
1023.4	79.47
1023.86	83.4757
1024.32	79.4815
1024.78	83.4873
1025.24	71.4931
1025.71	69.4989
1026.17	73.5047
1026.63	75.5105
1027.09	65.5162
1027.55	69.522
1028.01	71.5278
1028.48	69.5336
1028.94	75.5394
1029.4	69.5452
1029.86	67.551
1030.32	61.5567
1030.78	67.5625
1031.24	67.5683
1031.7	67.5741
1032.17	63.5799
1032.63	51.5857
1033.09	57.5915
1033.55	63.5973
1034.01	61.603
1034.47	59.6088
1034.93	59.6146
1035.39	55.6204
1035.85	47.6262
1036.32	51.632
1036.78	49.6378
1037.24	53.6435
1037.7	45.6493
1038.16	49.6551
1038.62	53.6609
1039.08	51.6667
1039.54	45.6725
1040	49.6783
1040.46	35.684
1040.92	43.6898
1041.38	41.6956
1041.85	47.7014
1042.31	41.7072
1042.77	43.713
1043.23	43.7188
1043.69	39.7245
1044.15	41.7303
1044.61	43.7361
1045.07	41.7419
1045.53	31.7477
1045.99	35.7535
1046.45	39.7593
1046.91	43.7651
1047.37	33.7708
1047.83	33.7766
1048.29	39.7824
1048.75	41.7882
1049.21	25.794
1049.67	41.7998
1050.13	33.8056
1050.59	35.8113
1051.05	33.8171
1051.51	39.8229
1051.97	37.8287
1052.43	37.8345
1052.89	31.8403
1053.35	33.8461
1053.81	37.8518
1054.27	39.8576
1054.73	31.8634
1055.19	37.8692
1055.64	31.875
1056.11	35.8808
1056.56	39.8866
1057.02	39.8923
1057.48	29.8981
1057.94	33.9039
1058.4	31.9097
1058.86	31.9155
1059.32	37.9213
1059.78	33.9271
1060.24	37.9329
1060.7	35.9386
1061.16	37.9444
1061.62	27.9502
1062.07	29.956
1062.53	35.9618
1062.99	29.9676
1063.45	31.9734
1063.91	33.9791
1064.37	37.9849
1064.83	35.9907
1065.29	37.9965
1065.75	30.0023
1066.2	40.0081
1066.66	34.0139
1067.12	34.0196
1067.58	34.0254
1068.04	36.0312
1068.5	36.037
1068.96	36.0428
1069.41	38.0486
1069.87	34.0544
1070.33	30.0601
1070.79	38.0659
1071.25	36.0717
1071.71	34.0775
1072.16	30.0833
1072.62	40.0891
1073.08	28.0949
1073.54	34.1007
1074	36.1064
1074.46	34.1122
1074.91	38.118
1075.37	36.1238
1075.83	24.1296
1076.29	32.1354
1076.74	32.1412
1077.2	34.1469
1077.66	36.1527
1078.12	40.1585
1078.58	30.1643
1079.03	38.1701
1079.49	38.1759
1079.95	44.1817
1080.41	34.1874
1080.86	38.1932
1081.32	28.199
1081.78	46.2048
1082.24	28.2106
1082.69	36.2164
1083.15	30.2222
1083.61	38.228
1084.07	30.2337
1084.52	32.2395
1084.98	32.2453
1085.44	28.2511
1085.9	38.2569
1086.35	36.2627
1086.81	38.2685
1087.27	38.2742
1087.73	38.28
1088.18	38.2858
1088.64	24.2916
1089.1	32.2974
1089.55	38.3032
1090.01	34.309
1090.47	32.3147
1090.92	44.3205
1091.38	32.3263
1091.84	38.3321
1092.29	28.3379
1092.75	34.3437
1093.21	36.3495
1093.66	38.3552
1094.12	30.361
1094.58	36.3668
1095.03	26.3726
1095.49	30.3784
1095.95	36.3842
1096.4	32.39
1096.86	38.3958
1097.32	38.4015
1097.77	36.4073
1098.23	24.4131
1098.69	38.4189
1099.14	30.4247
1099.6	34.4305
1100.05	42.4363
1100.51	28.442
1100.97	36.4478
1101.42	30.4536
1101.88	32.4594
1102.33	40.4652
1102.79	28.471
1103.25	34.4768
1103.7	36.4825
1104.16	28.4883
1104.61	36.4941
1105.07	36.4999
1105.53	28.5057
1105.98	42.5115
1106.44	32.5173
1106.89	36.523
1107.35	38.5288
1107.8	38.5346
1108.26	30.5404
1108.71	40.5462
1109.17	32.552
1109.63	32.5578
1110.08	32.5635
1110.54	32.5693
1110.99	34.5751
1111.45	30.5809
1111.9	36.5867
1112.36	38.5925
1112.81	32.5983
1113.27	32.6041
1113.72	34.6098
1114.18	24.6156
1114.63	26.6214
1115.09	32.6272
1115.54	32.633
1116	40.6388
1116.45	36.6446
1116.91	28.6503
1117.36	30.6561
1117.82	30.6619
1118.27	30.6677
1118.73	38.6735
1119.18	36.6793
1119.64	32.6851
1120.09	36.6908
1120.55	24.6966
1121	38.7024
1121.46	26.7082
1121.91	28.714
1122.36	44.7198
1122.82	36.7256
1123.27	32.7313
1123.73	30.7371
1124.18	24.7429
1124.64	26.7487
1125.09	44.7545
1125.54	28.7603
1126	38.7661
1126.45	34.7719
1126.91	26.7776
1127.36	44.7834
1127.82	34.7892
1128.27	26.795
1128.72	46.8008
1129.18	28.8066
1129.63	28.8124
1130.08	40.8181
1130.54	28.8239
1130.99	32.8297
1131.45	36.8355
1131.9	30.8413
1132.35	44.8471
1132.81	46.8529
1133.26	30.8586
1133.72	38.8644
1134.17	32.8702
1134.62	32.876
1135.08	34.8818
1135.53	30.8876
1135.98	24.8934
1136.44	34.8992
1136.89	34.9049
1137.34	24.9107
1137.8	34.9165
1138.25	24.9223
1138.7	26.9281
1139.16	34.9339
1139.61	26.9397
1140.06	28.9454
1140.52	34.9512
1140.97	22.957
1141.42	34.9628
1141.88	28.9686
1142.33	24.9744
1142.78	42.9802
1143.23	30.9859
1143.69	30.9917
1144.14	38.9975
1144.59	33.0033
1145.05	33.0091
1145.5	43.0149
1145.95	27.0207
1146.4	37.0264
1146.86	35.0322
1147.31	25.038
1147.76	43.0438
1148.21	33.0496
1148.67	25.0554
1149.12	33.0612
1149.57	33.067
1150.02	25.0727
1150.48	35.0785
1150.93	35.0843
1151.38	29.0901
1151.83	39.0959
1152.29	27.1017
1152.74	33.1075
1153.19	37.1132
1153.64	21.119
1154.09	33.1248
1154.55	37.1306
1155	31.1364
1155.45	35.1422
1155.9	43.148
1156.35	33.1537
1156.81	33.1595
1157.26	39.1653
1157.71	29.1711
1158.16	31.1769
1158.61	33.1827
1159.07	27.1885
1159.52	37.1942
1159.97	23.2
1160.42	25.2058
1160.87	43.2116
1161.32	29.2174
1161.78	37.2232
1162.23	35.229
1162.68	23.2348
1163.13	35.2405
1163.58	35.2463
1164.03	33.2521
1164.48	29.2579
1164.94	39.2637
1165.39	29.2695
1165.84	33.2753
1166.29	29.281
1166.74	33.2868
1167.19	33.2926
1167.64	29.2984
1168.09	27.3042
1168.54	33.31
1169	27.3158
1169.45	29.3215
1169.9	43.3273
1170.35	25.3331
1170.8	33.3389
1171.25	39.3447
1171.7	25.3505
1172.15	35.3563
1172.6	33.362
1173.05	25.3678
1173.5	37.3736
1173.95	35.3794
1174.4	31.3852
1174.86	31.391
1175.31	27.3968
1175.76	31.4026
1176.21	39.4083
1176.66	23.4141
1177.11	23.4199
1177.56	31.4257
1178.01	29.4315
1178.46	43.4373
1178.91	27.4431
1179.36	31.4488
1179.81	43.4546
1180.26	37.4604
1180.71	27.4662
1181.16	25.472
1181.61	41.4778
1182.06	23.4836
1182.51	37.4893
1182.96	33.4951
1183.41	25.5009
1183.86	35.5067
1184.31	29.5125
1184.76	35.5183
1185.21	33.5241
1185.66	23.5298
1186.11	33.5356
1186.56	35.5414
1187.01	29.5472
1187.46	33.553
1187.91	25.5588
1188.36	31.5646
1188.81	41.5704
1189.26	29.5761
1189.7	35.5819
1190.15	39.5877
1190.6	33.5935
1191.05	37.5993
1191.5	31.6051
1191.95	31.6109
1192.4	31.6166
1192.85	33.6224
1193.3	25.6282
1193.75	33.634
1194.2	21.6398
1194.65	23.6456
1195.1	41.6514
1195.54	25.6571
1195.99	33.6629
1196.44	39.6687
1196.89	25.6745
1197.34	33.6803
1197.79	37.6861
1198.24	31.6919
1198.69	33.6976
1199.13	33.7034
1199.58	27.7092
1200.03	35.715
1200.48	33.7208
1200.93	29.7266
1201.38	33.7324
1201.83	27.7382
1202.28	33.7439
1202.72	33.7497
1203.17	29.7555
1203.62	35.7613
1204.07	29.7671
1204.52	27.7729
1204.97	43.7787
1205.41	27.7844
1205.86	29.7902
1206.31	37.796
1206.76	29.8018
1207.21	35.8076
1207.65	33.8134
1208.1	31.8192
1208.55	29.8249
1209	33.8307
1209.45	33.8365
1209.89	35.8423
1210.34	39.8481
1210.79	23.8539
1211.24	31.8597
1211.69	25.8654
1212.13	29.8712
1212.58	37.877
1213.03	39.8828
1213.48	33.8886
1213.92	35.8944
1214.37	19.9002
1214.82	37.906
1215.27	35.9117
1215.72	27.9175
1216.16	31.9233
1216.61	31.9291
1217.06	35.9349
1217.5	33.9407
1217.95	27.9465
1218.4	25.9522
1218.85	31.958
1219.29	31.9638
1219.74	33.9696
1220.19	39.9754
1220.64	29.9812
1221.08	33.987
1221.53	29.9927
1221.97	37.9985
1222.42	32.0043
1222.87	34.0101
1223.32	32.0159
1223.76	30.0217
1224.21	32.0275
1224.66	32.0332
1225.1	36.039
1225.55	24.0448
1226	34.0506
1226.44	30.0564
1226.89	28.0622
1227.34	34.068
1227.78	30.0738
1228.23	30.0795
1228.68	46.0853
1229.12	28.0911
1229.57	30.0969
1230.02	38.1027
1230.46	26.1085
1230.91	28.1143
1231.36	34.12
1231.8	36.1258
1232.25	28.1316
1232.69	26.1374
1233.14	36.1432
1233.59	36.149
1234.03	30.1548
1234.48	34.1605
1234.92	30.1663
1235.37	36.1721
1235.82	30.1779
1236.26	36.1837
1236.71	26.1895
1237.15	34.1953
1237.6	28.201
1238.05	30.2068
1238.49	28.2126
1238.94	28.2184
1239.38	36.2242
1239.83	30.23
1240.27	28.2358
1240.72	34.2416
1241.16	32.2473
1241.61	30.2531
1242.06	28.2589
1242.5	36.2647
1242.95	28.2705
1243.39	34.2763
1243.84	32.2821
1244.28	30.2878
1244.73	34.2936
1245.17	32.2994
1245.62	40.3052
1246.06	34.311
1246.51	32.3168
1246.96	30.3226
1247.4	32.3283
1247.84	26.3341
1248.29	30.3399
1248.73	34.3457
1249.18	30.3515
1249.62	26.3573
1250.07	36.3631
1250.51	34.3688
1250.96	34.3746
1251.4	34.3804
1251.85	34.3862
1252.29	26.392
1252.74	34.3978
1253.18	28.4036
1253.63	22.4094
1254.07	34.4151
1254.52	32.4209
1254.96	30.4267
1255.41	26.4325
1255.85	30.4383
1256.29	26.4441
1256.74	34.4499
1257.18	34.4556
1257.63	30.4614
1258.07	30.4672
1258.52	40.473
1258.96	26.4788
1259.4	38.4846
1259.85	32.4904
1260.29	24.4961
1260.74	32.5019
1261.18	32.5077
1261.62	34.5135
1262.07	26.5193
1262.51	36.5251
1262.96	30.5309
1263.4	32.5366
1263.84	34.5424
1264.29	30.5482
1264.73	30.554
1265.17	34.5598
1265.62	32.5656
1266.06	34.5714
1266.51	36.5772
1266.95	34.5829
1267.39	32.5887
1267.84	34.5945
1268.28	24.6003
1268.72	32.6061
1269.17	32.6119
1269.61	36.6177
1270.05	32.6234
1270.5	36.6292
1270.94	34.635
1271.38	32.6408
1271.83	28.6466
1272.27	34.6524
1272.71	32.6582
1273.16	36.6639
1273.6	32.6697
1274.04	28.6755
1274.49	32.6813
1274.93	36.6871
1275.37	30.6929
1275.81	32.6987
1276.26	26.7045
1276.7	34.7102
1277.14	30.716
1277.59	34.7218
1278.03	36.7276
1278.47	26.7334
1278.92	34.7392
1279.36	36.745
1279.8	36.7507
1280.24	34.7565
1280.69	32.7623
1281.13	36.7681
1281.57	28.7739
1282.01	30.7797
1282.46	38.7855
1282.9	30.7912
1283.34	30.797
1283.78	26.8028
1284.22	26.8086
1284.67	26.8144
1285.11	34.8202
1285.55	34.826
1285.99	36.8317
1286.44	32.8375
1286.88	30.8433
1287.32	40.8491
1287.76	24.8549
1288.21	32.8607
1288.65	28.8665
1289.09	28.8722
1289.53	34.878
1289.97	32.8838
1290.41	34.8896
1290.86	28.8954
1291.3	34.9012
1291.74	34.907
1292.18	28.9128
1292.62	30.9185
1293.06	32.9243
1293.51	34.9301
1293.95	34.9359
1294.39	44.9417
1294.83	34.9475
1295.27	28.9533
1295.71	32.959
1296.16	32.9648
1296.6	32.9706
1297.04	34.9764
1297.48	38.9822
1297.92	32.988
1298.36	32.9938
1298.8	34.9995
1299.24	35.0053
1299.69	35.0111
1300.13	31.0169
1300.57	37.0227
1301.01	29.0285
1301.45	39.0343
1301.89	31.0401
1302.33	33.0458
1302.77	29.0516
1303.21	27.0574
1303.65	39.0632
1304.09	33.069
1304.53	31.0748
1304.98	39.0806
1305.42	25.0863
1305.86	33.0921
1306.3	33.0979
1306.74	35.1037
1307.18	39.1095
1307.62	31.1153
1308.06	33.1211
1308.5	41.1268
1308.94	33.1326
1309.38	31.1384
1309.82	35.1442
1310.26	29.15
1310.7	29.1558
1311.14	37.1616
1311.58	29.1673
1312.02	43.1731
1312.46	35.1789
1312.9	29.1847
1313.34	31.1905
1313.78	27.1963
1314.22	31.2021
1314.66	37.2079
1315.1	31.2136
1315.54	33.2194
1315.98	37.2252
1316.42	25.231
1316.86	37.2368
1317.3	35.2426
1317.74	31.2484
1318.18	45.2541
1318.62	25.2599
1319.06	31.2657
1319.5	43.2715
1319.94	21.2773
1320.38	29.2831
1320.82	43.2889
1321.26	35.2946
1321.7	33.3004
1322.14	29.3062
1322.58	27.312
1323.02	35.3178
1323.46	29.3236
1323.9	35.3294
1324.34	39.3351
1324.78	27.3409
1325.21	33.3467
1325.65	43.3525
1326.09	27.3583
1326.53	31.3641
1326.97	33.3699
1327.41	37.3757
1327.85	37.3814
1328.29	37.3872
1328.73	21.393
1329.17	35.3988
1329.6	33.4046
1330.04	27.4104
1330.48	43.4162
1330.92	23.4219
1331.36	29.4277
1331.8	35.4335
1332.24	29.4393
1332.68	31.4451
1333.11	41.4509
1333.55	31.4567
1333.99	39.4624
1334.43	37.4682
1334.87	27.474
1335.31	29.4798
1335.75	31.4856
1336.18	31.4914
1336.62	35.4972
1337.06	27.5029
1337.5	29.5087
1337.94	33.5145
1338.38	25.5203
1338.81	37.5261
1339.25	37.5319
1339.69	29.5377
1340.13	29.5435
1340.57	29.5492
1341.01	29.555
1341.44	35.5608
1341.88	41.5666
1342.32	27.5724
1342.76	37.5782
1343.19	31.584
1343.63	31.5897
1344.07	41.5955
1344.51	23.6013
1344.94	25.6071
1345.38	41.6129
1345.82	33.6187
1346.26	31.6245
1346.69	33.6302
1347.13	29.636
1347.57	41.6418
1348.01	33.6476
1348.45	29.6534
1348.88	35.6592
1349.32	31.665
1349.76	25.6707
1350.2	33.6765
1350.63	33.6823
1351.07	33.6881
1351.51	41.6939
1351.94	35.6997
1352.38	31.7055
1352.82	31.7113
1353.26	27.717
1353.69	33.7228
1354.13	37.7286
1354.57	33.7344
1355	39.7402
1355.44	47.746
1355.88	29.7518
1356.31	35.7575
1356.75	31.7633
1357.19	31.7691
1357.62	37.7749
1358.06	35.7807
1358.5	29.7865
1358.94	31.7923
1359.37	41.798
1359.81	35.8038
1360.24	41.8096
1360.68	29.8154
1361.12	41.8212
1361.55	43.827
1361.99	27.8328
1362.43	37.8386
1362.86	31.8443
1363.3	29.8501
1363.73	37.8559
1364.17	29.8617
1364.61	29.8675
1365.04	37.8733
1365.48	35.8791
1365.92	29.8848
1366.35	39.8906
1366.79	33.8964
1367.23	23.9022
1367.66	41.908
1368.1	37.9138
1368.53	31.9196
1368.97	37.9253
1369.4	25.9311
1369.84	27.9369
1370.28	33.9427
1370.71	27.9485
1371.15	43.9543
1371.58	31.9601
1372.02	25.9658
1372.46	35.9716
1372.89	33.9551
1373.33	29.8999
1373.76	33.9776
1374.2	37.964
1374.63	36.2087
1375.07	33.8853
1375.5	32.0509
1375.94	37.9115
1376.37	39.6806
1376.81	32.0659
1377.24	37.6632
1377.68	34.0337
1378.12	35.5504
1378.55	32.3507
1378.99	32.3408
1379.42	32.0652
1379.86	36.198
1380.29	27.4592
1380.72	27.5278
1381.16	31.357
1381.6	35.8595
1382.03	34.4834
1382.47	35.6013
1382.9	28.8807
1383.34	35.277
1383.77	43.8837
1384.2	28.7345
1384.64	36.3904
1385.07	32.8055
1385.51	33.9218
1385.94	34.7475
1386.38	32.2497
1386.81	28.1766
1387.25	34.9335
1387.68	30.2745
1388.12	32.0176
1388.55	33.0716
1388.98	32.5574
1389.42	33.4294
1389.85	36.8293
1390.29	33.0171
1390.72	37.0952
1391.16	33.88
1391.59	30.3383
1392.03	31.9103
1392.46	32.5698
1392.89	29.0686
1393.33	36.3078
1393.76	32.2438
1394.19	37.2003
1394.63	33.9303
1395.06	34.3961
1395.5	36.3832
1395.93	34.5679
1396.36	29.5705
1396.8	34.6545
1397.23	34.2946
1397.67	27.4122
1398.1	36.101
1398.53	23.6695
1398.97	34.2649
1399.4	31.5697
1399.83	30.88
1400.27	37.0984
1400.7	35.4
1401.13	32.212
1401.57	35.1596
1402	29.7235
1402.43	32.4135
1402.87	36.251
1403.3	33.0869
1403.73	33.3594
1404.17	36.3232
1404.6	35.7378
1405.03	36.6338
1405.47	38.7628
1405.9	27.0315
1406.33	36.3635
1406.77	30.0621
1407.2	24.93
1407.63	37.4467
1408.07	30.052
1408.5	33.686
1408.93	37.2621
1409.36	27.6776
1409.8	34.0551
1410.23	35.9422
1410.66	28.8121
1411.09	35.2164
1411.53	33.878
1411.96	29.971
1412.39	32.5904
1412.83	34.793
1413.26	35.2441
1413.69	39.6964
1414.12	34.0769
1414.55	31.442
1414.99	36.0301
1415.42	33.2226
1415.85	34.3734
1416.29	38.1557
1416.72	31.6026
1416.87	27.4972
1417.3	41.4978
1417.74	33.4985
1418.18	25.4991
1418.62	45.4997
1419.05	31.5004
1419.49	27.501
1419.93	37.5016
1420.37	25.5023
1420.8	27.5029
1421.24	41.5035
1421.68	35.5042
1422.12	31.5048
1422.55	31.5055
1422.99	25.5061
1423.43	33.5067
1423.86	33.5074
1424.3	25.508
1424.74	41.5086
1425.17	31.5093
1425.61	25.5099
1426.05	43.5105
1426.48	29.5112
1426.92	27.5118
1427.36	33.5124
1427.8	29.5131
1428.23	27.5137
1428.67	35.5143
1429.11	25.515
1429.54	33.5156
1429.98	45.5163
1430.42	29.5169
1430.85	33.5175
1431.29	33.5182
1431.73	29.5188
1432.16	31.5194
1432.6	37.5201
1433.03	23.5207
1433.47	35.5213
1433.91	33.522
1434.34	33.5226
1434.78	41.5232
1435.22	31.5239
1435.65	27.5245
1436.09	39.5252
1436.52	31.5258
1436.96	35.5264
1437.4	35.5271
1437.83	33.5277
1438.27	35.5283
1438.7	35.529
1439.14	33.5296
1439.57	43.5302
1440.01	31.5309
1440.45	23.5315
1440.88	37.5321
1441.32	35.5328
1441.75	31.5334
1442.19	35.534
1442.63	33.5347
1443.06	35.5353
1443.5	37.5359
1443.93	27.5366
1444.37	31.5372
1444.8	35.5379
1445.24	37.5385
1445.67	33.5391
1446.11	39.5398
1446.54	33.5404
1446.98	33.541
1447.42	33.5417
1447.85	31.5423
1448.29	37.5429
1448.72	31.5436
1449.16	37.5442
1449.59	35.5448
1450.03	35.5455
1450.46	35.5461
1450.9	41.5468
1451.33	31.5474
1451.77	37.548
1452.2	37.5487
1452.64	35.5493
1453.07	45.5499
1453.51	33.5506
1453.94	29.5512
1454.38	31.5518
1454.81	35.5525
1455.25	29.5531
1455.68	33.5537
1456.11	35.5544
1456.55	31.555
1456.98	35.5556
1457.42	37.5563
1457.85	31.5569
1458.29	33.5576
1458.72	33.5582
1459.16	35.5588
1459.59	37.5595
1460.03	31.5601
1460.46	29.5607
1460.9	33.5614
1461.33	33.562
1461.76	39.5626
1462.2	35.5633
1462.63	29.5639
1463.07	39.5645
1463.5	27.5652
1463.93	29.5658
1464.37	35.5664
1464.8	31.5671
1465.24	35.5677
1465.67	37.5684
1466.1	29.569
1466.54	43.5696
1466.97	35.5703
1467.41	27.5709
1467.84	37.5715
1468.27	33.5722
1468.71	33.5728
1469.14	39.5734
1469.57	29.5741
1470.01	29.5747
1470.44	39.5753
1470.87	27.576
1471.31	33.5766
1471.74	33.5772
1472.18	29.5779
1472.61	45.5785
1473.04	33.5792
1473.48	29.5798
1473.91	37.5804
1474.34	31.5811
1474.78	31.5817
1475.21	41.5823
1475.64	27.583
1476.08	35.5836
1476.51	39.5842
1476.94	33.5849
1477.37	33.5855
1477.81	41.5861
1478.24	27.5868
1478.67	35.5874
1479.11	35.588
1479.54	33.5887
1479.97	31.5893
1480.41	29.59
1480.84	37.5906
1481.27	37.5912
1481.71	35.5919
1482.14	29.5925
1482.57	39.5931
1483	21.5938
1483.44	31.5944
1483.87	35.595
1484.3	27.5957
1484.73	35.5963
1485.16	31.5969
1485.6	23.5976
1486.03	41.5982
1486.46	33.5989
1486.9	33.5995
1487.33	31.6001
1487.76	31.6008
1488.19	35.6014
1488.63	31.602
1489.06	31.6027
1489.49	35.6033
1489.92	35.6039
1490.35	31.6046
1490.78	33.6052
1491.22	37.6058
1491.65	33.6065
1492.08	35.6071
1492.51	35.6077
1492.95	37.6084
1493.38	27.609
1493.81	25.6096
1494.24	35.6103
1494.67	31.6109
1495.1	29.6116
1495.54	37.6122
1495.97	27.6128
1496.4	33.6135
1496.83	25.6141
1497.26	29.6147
1497.69	27.6154
1498.13	37.616
1498.56	31.6166
1498.99	29.6173
1499.42	27.6179
1499.85	27.6185
1500.28	37.6192
1500.71	35.6198
1501.15	23.6205
1501.58	29.6211
1502.01	31.6217
1502.44	37.6224
1502.87	37.623
1503.3	29.6236
1503.73	33.6243
1504.17	33.6249
1504.6	25.6255
1505.03	41.6262
1505.46	29.6268
1505.89	31.6274
1506.32	37.6281
1506.75	29.6287
1507.18	25.6293
1507.61	33.63
1508.04	33.6306
1508.47	35.6313
1508.91	25.6319
1509.34	39.6325
1509.77	33.6332
1510.2	41.6338
1510.63	27.6344
1511.06	37.6351
1511.49	29.6357
1511.92	29.6363
1512.35	37.637
1512.78	33.6376
1513.21	27.6382
1513.64	27.6389
1514.07	27.6395
1514.5	37.6401
1514.93	35.6408
1515.36	33.6414
1515.79	31.6421
1516.22	33.6427
1516.65	33.6433
1517.08	29.644
1517.51	27.6446
1517.94	25.6452
1518.37	33.6459
1518.81	37.6465
1519.23	29.6471
1519.66	27.6478
1520.09	33.6484
1520.52	23.649
1520.95	33.6497
1521.38	31.6503
1521.81	23.6509
1522.24	33.6516
1522.67	29.6522
1523.1	35.6529
1523.53	27.6535
1523.96	33.6541
1524.39	35.6548
1524.82	31.6554
1525.25	33.656
1525.68	35.6567
1526.11	33.6573
1526.54	29.6579
1526.97	29.6586
1527.4	27.6592
1527.83	25.6598
1528.26	35.6605
1528.69	31.6611
1529.12	31.6617
1529.54	33.6624
1529.97	37.663
1530.4	33.6637
1530.83	33.6643
1531.26	33.6649
1531.69	27.6656
1532.12	37.6662
1532.55	31.6668
1532.98	35.6675
1533.41	29.6681
1533.83	27.6687
1534.26	33.6694
1534.69	31.67
1535.12	27.6706
1535.55	37.6713
1535.98	27.6719
1536.41	35.6726
1536.84	31.6732
1537.27	29.6738
1537.69	25.6745
1538.12	25.6751
1538.55	29.6757
1538.98	27.6764
1539.41	27.677
1539.84	29.6776
1540.27	37.6783
1540.69	33.6789
1541.12	29.6795
1541.55	27.6802
1541.98	33.6808
1542.41	31.6814
1542.84	29.6821
1543.26	29.6827
1543.69	31.6833
1544.12	29.684
1544.55	35.6846
1544.98	35.6853
1545.4	31.6859
1545.83	31.6865
1546.26	31.6872
1546.69	37.6878
1547.12	29.6884
1547.54	35.6891
1547.97	39.6897
1548.4	27.6903
1548.83	25.691
1549.26	27.6916
1549.68	31.6922
1550.11	29.6929
1550.54	27.6935
1550.97	33.6941
1551.39	23.6948
1551.82	33.6954
1552.25	27.6961
1552.68	31.6967
1553.1	27.6973
1553.53	31.698
1553.96	33.6986
1554.39	43.6992
1554.81	35.6999
1555.24	31.7005
1555.67	33.7011
1556.1	33.7018
1556.52	29.7024
1556.95	29.703
1557.38	25.7037
1557.8	35.7043
1558.23	33.705
1558.66	35.7056
1559.09	37.7062
1559.51	33.7069
1559.94	27.7075
1560.37	31.7081
1560.79	33.7088
1561.22	33.7094
1561.65	33.71
1562.07	23.7107
1562.5	39.7113
1562.93	27.7119
1563.35	37.7126
1563.78	31.7132
1564.21	23.7138
1564.63	33.7145
1565.06	27.7151
1565.49	27.7158
1565.91	33.7164
1566.34	33.717
1566.77	29.7177
1567.19	27.7183
1567.62	29.7189
1568.05	29.7196
1568.47	33.7202
1568.9	27.7208
1569.32	29.7215
1569.75	33.7221
1570.18	25.7227
1570.6	33.7234
1571.03	31.724
1571.46	35.7246
1571.88	27.7253
1572.31	37.7259
1572.74	33.7266
1573.16	33.7272
1573.59	33.7278
1574.01	27.7285
1574.44	19.7291
1574.86	37.7297
1575.29	35.7304
1575.72	39.731
1576.14	35.7316
1576.57	37.7323
1576.99	27.7329
1577.42	31.7335
1577.84	27.7342
1578.27	29.7348
1578.7	33.7354
1579.12	35.7361
1579.55	25.7367
1579.97	37.7374
1580.4	31.738
1580.82	29.7386
1581.25	37.7393
1581.67	21.7399
1582.1	33.7405
1582.52	31.7412
1582.95	29.7418
1583.38	39.7424
1583.8	31.7431
1584.23	25.7437
1584.65	41.7443
1585.08	25.745
1585.5	23.7456
1585.93	31.7462
1586.35	29.7469
1586.78	29.7475
1587.2	29.7482
1587.63	23.7488
1588.05	35.7494
1588.47	37.7501
1588.9	31.7507
1589.33	31.7513
1589.75	29.752
1590.17	25.7526
1590.6	35.7532
1591.02	31.7539
1591.45	27.7545
1591.87	29.7551
1592.3	35.7558
1592.72	33.7564
1593.15	31.757
1593.57	31.7577
1594	35.7583
1594.42	31.759
1594.84	23.7596
1595.27	37.7602
1595.69	31.7609
1596.12	31.7615
1596.54	35.7621
1596.97	25.7628
1597.39	37.7634
1597.81	33.764
1598.24	27.7647
1598.66	37.7653
1599.09	35.7659
1599.51	25.7666
1599.93	39.7672
1600.36	25.7679
1600.78	23.7685
1601.21	39.7691
1601.63	21.7698
1602.05	35.7704
1602.48	37.771
1602.9	21.7717
1603.33	31.7723
1603.75	33.7729
1604.17	25.7736
1604.6	35.7742
1605.02	29.7748
1605.44	33.7755
1605.87	43.7761
1606.29	27.7767
1606.72	29.7774
1607.14	35.778
1607.56	21.7787
1607.98	29.7793
1608.41	37.7799
1608.83	23.7806
1609.26	29.7812
1609.68	35.7818
1610.1	27.7825
1610.53	37.7831
1610.95	35.7837
1611.37	31.7844
1611.79	37.785
1612.22	33.7856
1612.64	35.7863
1613.06	35.7869
1613.49	25.7875
1613.91	29.7882
1614.33	33.7888
1614.76	25.7895
1615.18	29.7901
1615.6	29.7907
1616.02	25.7914
1616.45	35.792
1616.87	35.7926
1617.29	29.7933
1617.72	31.7939
1618.14	31.7945
1618.56	23.7952
1618.98	37.7958
1619.41	33.7964
1619.83	21.7971
1620.25	39.7977
1620.67	31.7983
1621.1	31.799
1621.52	31.7996
1621.94	23.8003
1622.36	39.8009
1622.79	27.8015
1623.21	29.8022
1623.63	23.8028
1624.05	35.8034
1624.48	25.8041
1624.9	37.8047
1625.32	31.8053
1625.74	31.806
1626.16	35.8066
1626.58	27.8072
1627.01	29.8079
1627.43	45.8085
1627.85	29.8091
1628.27	37.8098
1628.69	25.8104
1629.12	33.8111
1629.54	31.8117
1629.96	41.8123
1630.38	27.813
1630.8	33.8136
1631.23	37.8142
1631.65	25.8149
1632.07	35.8155
1632.49	27.8161
1632.91	25.8168
1633.33	27.8174
1633.75	27.818
1634.18	29.8187
1634.6	31.8193
1635.02	33.8199
1635.44	27.8206
1635.86	37.8212
1636.28	27.8219
1636.7	27.8225
1637.12	41.8231
1637.55	31.8238
1637.97	33.8244
1638.39	39.825
1638.81	27.8257
1639.23	41.8263
1639.65	33.8269
1640.07	23.8276
1640.49	33.8282
1640.92	33.8288
1641.34	21.8295
1641.76	31.8301
1642.18	33.8307
1642.6	33.8314
1643.02	35.832
1643.44	29.8327
1643.86	29.8333
1644.28	29.8339
1644.7	33.8346
1645.12	35.8352
1645.54	35.8358
1645.97	23.8365
1646.39	31.8371
1646.81	37.8377
1647.23	29.8384
1647.65	33.839
1648.07	25.8396
1648.49	27.8403
1648.91	37.8409
1649.33	29.8416
1649.75	41.8422
1650.17	33.8428
1650.59	27.8435
1651.01	31.8441
1651.43	33.8447
1651.85	37.8454
1652.27	31.846
1652.69	29.8466
1653.11	27.8473
1653.53	29.8479
1653.95	33.8485
1654.37	25.8492
1654.79	33.8498
1655.21	31.8504
1655.63	31.8511
1656.05	39.8517
1656.47	29.8524
1656.89	29.853
1657.31	37.8536
1657.73	29.8543
1658.15	29.8549
1658.57	29.8555
1658.99	33.8562
1659.41	35.8568
1659.83	31.8574
1660.25	31.8581
1660.67	33.8587
1661.08	29.8593
1661.51	27.86
1661.92	31.8606
1662.34	25.8612
1662.76	29.8619
1663.18	33.8625
1663.6	33.8632
1664.02	29.8638
1664.44	33.8644
1664.86	23.8651
1665.28	35.8657
1665.7	27.8663
1666.12	21.867
1666.54	41.8676
1666.95	25.8682
1667.37	31.8689
1667.79	35.8695
1668.21	27.8701
1668.63	33.8708
1669.05	31.8714
1669.47	23.872
1669.89	27.8727
1670.31	35.8733
1670.72	19.874
1671.14	31.8746
1671.56	31.8752
1671.98	25.8759
1672.4	35.8765
1672.82	27.8771
1673.24	33.8778
1673.66	33.8784
1674.07	31.879
1674.49	31.8797
1674.91	35.8803
1675.33	21.8809
1675.75	35.8816
1676.17	31.8822
1676.58	23.8828
1677	35.8835
1677.42	27.8841
1677.84	29.8848
1678.26	29.8854
1678.67	25.886
1679.09	27.8867
1679.51	35.8873
1679.93	27.8879
1680.35	33.8886
1680.77	27.8892
1681.18	25.8898
1681.6	33.8905
1682.02	25.8911
1682.44	31.8917
1682.85	37.8924
1683.27	31.893
1683.69	27.8936
1684.11	39.8943
1684.53	29.8949
1684.94	23.8956
1685.36	33.8962
1685.78	29.8968
1686.2	35.8975
1686.61	31.8981
1687.03	33.8987
1687.45	35.8994
1687.87	27.9
1688.28	29.9006
1688.7	29.9013
1689.12	27.9019
1689.54	31.9025
1689.95	37.9032
1690.37	29.9038
1690.79	35.9044
1691.21	29.9051
1691.62	17.9057
1692.04	35.9064
1692.46	25.907
1692.87	31.9076
1693.29	29.9083
1693.71	31.9089
1694.13	29.9095
1694.54	33.9102
1694.96	33.9108
1695.38	35.9114
1695.79	33.9121
1696.21	25.9127
1696.63	31.9133
1697.04	27.914
1697.46	27.9146
1697.88	27.9153
1698.29	29.9159
1698.71	33.9165
1699.13	31.9172
1699.54	29.9178
1699.96	35.9184
1700.38	35.9191
1700.79	25.9197
1701.21	31.9203
1701.63	25.921
1702.04	33.9216
1702.46	33.9222
1702.87	37.9229
1703.29	31.9235
1703.71	31.9241
1704.12	25.9248
1704.54	27.9254
1704.96	27.9261
1705.37	29.9267
1705.79	33.9273
1706.2	31.928
1706.62	31.9286
1707.04	27.9292
1707.45	31.9299
1707.87	29.9305
1708.28	29.9311
1708.7	35.9318
1709.12	29.9324
1709.53	35.933
1709.95	31.9337
1710.36	25.9343
1710.78	35.9349
1711.2	27.9356
1711.61	31.9362
1712.03	27.9369
1712.44	35.9375
1712.86	29.9381
1713.27	27.9388
1713.69	29.9394
1714.1	31.94
1714.52	29.9407
1714.94	29.9413
1715.35	31.9419
1715.77	31.9426
1716.18	31.9432
1716.6	27.9438
1717.01	31.9445
1717.43	31.9451
1717.84	37.9457
1718.26	21.9464
1718.67	29.947
1719.09	29.9477
1719.5	23.9483
1719.92	31.9489
1720.33	37.9496
1720.75	31.9502
1721.16	31.9508
1721.58	27.9515
1721.99	29.9521
1722.41	31.9527
1722.82	33.9534
1723.24	27.954
1723.65	31.9546
1724.07	33.9553
1724.48	31.9559
1724.9	31.9565
1725.31	35.9572
1725.73	31.9578
1726.14	33.9585
1726.55	35.9591
1726.97	35.9597
1727.39	33.9604
1727.8	25.961
1728.21	29.9616
1728.63	37.9623
1729.04	31.9629
1729.46	21.9635
1729.87	35.9642
1730.29	33.9648
1730.7	29.9654
1731.11	25.9661
1731.53	33.9667
1731.94	31.9673
1732.36	37.968
1732.77	31.9686
1733.18	29.9693
1733.6	31.9699
1734.01	33.9705
1734.43	37.9712
1734.84	33.9718
1735.25	31.9724
1735.67	29.9731
1736.08	31.9737
1736.5	35.9743
1736.91	23.975
1737.32	25.9756
1737.74	31.9762
1738.15	33.9769
1738.56	27.9775
1738.98	33.9781
1739.39	31.9788
1739.81	31.9794
1740.22	29.9801
1740.63	31.9807
1741.05	33.9813
1741.46	27.982
1741.87	23.9826
1742.29	39.9832
1742.7	21.9839
1743.11	23.9845
1743.53	25.9851
1743.94	33.9858
1744.35	33.9864
1744.77	35.987
1745.18	31.9877
1745.59	33.9883
1746.01	39.9889
1746.42	27.9896
1746.83	31.9902
1747.24	33.9909
1747.66	25.9915
1748.07	25.9921
1748.48	35.9928
1748.9	29.9934
1749.31	31.994
1749.72	31.9947
1750.14	31.9953
1750.55	29.9959
1750.96	27.9966
1751.37	29.9972
1751.79	31.9978
1752.2	23.9985
1752.61	27.9991
1753.03	25.9998
1753.44	36.0004
1753.85	34.001
1754.26	30.0017
1754.67	28.0023
1755.09	28.0029
1755.5	34.0036
1755.91	34.0042
1756.32	32.0048
1756.74	36.0055
1757.15	36.0061
1757.56	28.0067
1757.97	36.0074
1758.39	24.008
1758.8	24.0086
1759.21	34.0093
1759.62	28.0099
1760.03	30.0106
1760.45	32.0112
1760.86	32.0118
1761.27	30.0125
1761.68	30.0131
1762.09	32.0137
1762.51	36.0144
1762.92	36.015
1763.33	26.0156
1763.74	28.0163
1764.15	30.0169
1764.56	38.0175
1764.98	34.0182
1765.39	27.9989
1765.8	37.7918
1766.21	26.2168
1766.62	29.8843
1767.03	30.0542
1767.45	34.095
1767.86	26.0206
1768.27	30.0482
1768.68	29.7806
1769.09	30.9045
1769.5	33.8775
1769.91	29.0654
1770.33	32.5015
1770.74	28.7364
1771.15	33.042
1771.56	30.557
1771.97	30.8589
1772.38	27.9053
1772.79	27.9059
1773.2	28.3927
1773.61	30.3249
1774.03	28.1466
1774.44	38.221
1774.85	25.5505
1775.26	27.9881
1775.67	30.526
1776.08	33.4641
1776.49	36.9431
1776.9	33.0311
1777.31	28.1833
1777.72	29.4427
1778.13	29.7491
1778.55	26.7447
1778.96	35.0614
1779.37	35.85
1779.78	23.6824
1780.19	33.5445
1780.6	30.7377
1781.01	28.185
1781.42	38.2959
1781.83	29.4704
1782.24	33.658
1782.65	37.0048
1783.06	26.0318
1783.47	37.4689
1783.88	35.0883
1784.29	29.905
1784.7	30.883
1785.11	29.5636
1785.52	26.0158
1785.93	32.8471
1786.34	28.9981
1786.75	28.9473
1787.16	38.2645
1787.57	26.9097
1787.98	30.4001
1788.39	35.0628
1788.8	32.8254
1789.21	29.4325
1789.62	36.3345
1790.03	26.9369
1790.44	29.368
1790.85	37.8976
1791.26	28.9056
1791.67	31.4837
1792.08	31.9715
1792.49	31.9869
1792.9	32.0986
1793.31	26.9236
1793.72	29.7265
1794.13	31.6702
1794.54	31.4178
1794.95	29.5795
1795.36	34.0799
1795.77	27.9621
1796.18	30.3133
1796.58	34.0501
1797	29.7383
1797.4	34.0301
1797.81	31.7352
1798.22	32.8718
1798.63	28.8755
1799.04	27.6125
1799.45	33.1908
1799.86	34.4876
1800.27	31.6018
1800.68	33.6347
1801.09	34.4515
1801.5	28.0135
1801.9	29.8211
1802.31	33.881
1802.72	30.7107
1803.13	28.5884
1803.54	31.0161
1803.95	29.6484
1804.36	33.6821
1804.77	24.5085
1805.18	24.3286
1805.58	33.3628
1805.99	32.4694
1806.4	34.1919
1806.81	32.5837
1807.22	28.9893
1807.41	29.9496
1807.83	37.9499
1808.24	25.9502
1808.65	27.9506
1809.07	35.9509
1809.48	27.9512
1809.89	29.9515
1810.31	33.9519
1810.72	33.9522
1811.14	33.9525
1811.55	31.9529
1811.96	35.9532
1812.37	35.9535
1812.79	27.9538
1813.2	31.9542
1813.61	35.9545
1814.03	25.9548
1814.44	33.9551
1814.85	25.9555
1815.27	27.9558
1815.68	29.9561
1816.09	35.9565
1816.51	25.9568
1816.92	31.9571
1817.33	27.9574
1817.75	25.9578
1818.16	29.9581
1818.57	29.9584
1818.98	27.9587
1819.4	35.9591
1819.81	29.9594
1820.22	31.9597
1820.63	31.9601
1821.05	35.9604
1821.46	33.9607
1821.87	31.961
1822.28	33.9614
1822.7	25.9617
1823.11	25.962
1823.52	35.9624
1823.94	27.9627
1824.35	33.963
1824.76	27.9633
1825.17	25.9637
1825.59	31.964
1826	23.9643
1826.41	35.9646
1826.82	33.965
1827.23	37.9653
1827.65	29.9656
1828.06	29.966
1828.47	25.9663
1828.88	29.9666
1829.3	23.9669
1829.71	21.9673
1830.12	35.9676
1830.53	29.9679
1830.94	25.9683
1831.36	33.9686
1831.77	31.9689
1832.18	27.9692
1832.59	35.9696
1833	27.9699
1833.41	35.9702
1833.83	33.9705
1834.24	29.9709
1834.65	33.9712
1835.06	29.9715
1835.47	31.9719
1835.88	33.9722
1836.3	31.9725
1836.71	29.9728
1837.12	29.9732
1837.53	27.9735
1837.94	29.9738
1838.35	33.9741
1838.77	23.9745
1839.18	31.9748
1839.59	27.9751
1840	29.9755
1840.41	33.9758
1840.82	25.9761
1841.23	31.9764
1841.64	27.9768
1842.06	29.9771
1842.47	33.9774
1842.88	27.9778
1843.29	27.9781
1843.7	35.9784
1844.11	35.9787
1844.52	29.9791
1844.93	23.9794
1845.34	31.9797
1845.75	31.98
1846.16	29.9804
1846.58	31.9807
1846.99	33.981
1847.4	23.9814
1847.81	27.9817
1848.22	35.982
1848.63	25.9823
1849.04	33.9827
1849.45	31.983
1849.86	21.9833
1850.27	33.9836
1850.68	37.984
1851.09	27.9843
1851.5	33.9846
1851.91	33.985
1852.33	25.9853
1852.74	25.9856
1853.15	37.9859
1853.55	33.9863
1853.97	25.9866
1854.38	29.9869
1854.79	29.9873
1855.2	27.9876
1855.61	33.9879
1856.02	29.9882
1856.43	31.9886
1856.84	29.9889
1857.25	29.9892
1857.66	21.9895
1858.07	33.9899
1858.48	25.9902
1858.89	27.9905
1859.3	31.9909
1859.71	33.9912
1860.12	31.9915
1860.53	29.9918
1860.94	27.9922
1861.35	31.9925
1861.76	37.9928
1862.16	23.9931
1862.58	31.9935
1862.99	37.9938
1863.39	27.9941
1863.8	33.9945
1864.21	35.9948
1864.62	27.9951
1865.03	29.9954
1865.44	33.9958
1865.85	27.9961
1866.26	25.9964
1866.67	33.9967
1867.08	29.9971
1867.49	25.9974
1867.9	31.9977
1868.31	23.9981
1868.72	29.9984
1869.13	27.9987
1869.54	29.999
1869.94	29.9994
1870.35	31.9997
1870.76	28
1871.17	34.0004
1871.58	32.0007
1871.99	30.001
1872.4	24.0013
1872.81	34.0017
1873.22	26.002
1873.62	30.0023
1874.03	32.0026
1874.44	28.003
1874.85	34.0033
1875.26	36.0036
1875.67	32.004
1876.08	36.0043
1876.49	26.0046
1876.89	36.0049
1877.3	32.0053
1877.71	24.0056
1878.12	28.0059
1878.53	40.0063
1878.94	26.0066
1879.35	40.0069
1879.76	36.0072
1880.16	26.0076
1880.57	28.0079
1880.98	34.0082
1881.39	28.0085
1881.8	34.0089
1882.2	34.0092
1882.61	32.0095
1883.02	32.0099
1883.43	24.0102
1883.84	36.0105
1884.25	32.0108
1884.65	26.0112
1885.06	26.0115
1885.47	34.0118
1885.88	28.0121
1886.29	30.0125
1886.69	36.0128
1887.1	30.0131
1887.51	28.0135
1887.92	34.0138
1888.32	34.0141
1888.73	24.0144
1889.14	32.0148
1889.55	34.0151
1889.96	26.0154
1890.36	24.0158
1890.77	36.0161
1891.18	36.0164
1891.59	36.0167
1891.99	38.0171
1892.4	30.0174
1892.81	38.0177
1893.22	30.018
1893.62	34.0184
1894.03	30.0187
1894.44	22.019
1894.84	30.0194
1895.25	34.0197
1895.66	30.02
1896.07	26.0203
1896.47	40.0207
1896.88	22.021
1897.29	34.0213
1897.7	36.0216
1898.1	28.022
1898.51	36.0223
1898.92	36.0226
1899.32	32.023
1899.73	36.0233
1900.14	32.0236
1900.54	32.0239
1900.95	32.0243
1901.36	30.0246
1901.76	26.0249
1902.17	38.0252
1902.58	30.0256
1902.98	30.0259
1903.39	38.0262
1903.8	28.0266
1904.2	34.0269
1904.61	34.0272
1905.02	22.0275
1905.43	40.0279
1905.83	30.0282
1906.24	22.0285
1906.64	46.0289
1907.05	28.0292
1907.46	24.0295
1907.86	34.0298
1908.27	32.0302
1908.68	28.0305
1909.08	38.0308
1909.49	24.0311
1909.89	36.0315
1910.3	42.0318
1910.71	26.0321
1911.11	36.0325
1911.52	34.0328
1911.93	24.0331
1912.33	40.0334
1912.74	34.0338
1913.14	24.0341
1913.55	36.0344
1913.95	32.0348
1914.36	30.0351
1914.77	36.0354
1915.17	22.0357
1915.58	36.0361
1915.98	36.0364
1916.39	30.0367
1916.8	42.037
1917.2	28.0374
1917.61	30.0377
1918.01	40.038
1918.42	34.0384
1918.82	30.0387
1919.23	34.039
1919.64	30.0393
1920.04	30.0397
1920.44	36.04
1920.85	32.0403
1921.26	28.0406
1921.66	30.041
1922.07	26.0413
1922.47	28.0416
1922.88	40.042
1923.28	30.0423
1923.69	36.0426
1924.09	40.0429
1924.5	28.0433
1924.9	30.0436
1925.31	32.0439
1925.71	24.0443
1926.12	32.0446
1926.52	34.0449
1926.93	26.0452
1927.33	38.0456
1927.74	28.0459
1928.14	28.0462
1928.55	40.0465
1928.95	32.0469
1929.36	30.0472
1929.76	34.0475
1930.17	20.0479
1930.57	30.0482
1930.98	38.0485
1931.38	26.0488
1931.79	32.0492
1932.19	34.0495
1932.59	26.0498
1933	34.0501
1933.4	32.0505
1933.81	28.0508
1934.21	36.0511
1934.62	30.0515
1935.02	26.0518
1935.43	36.0521
1935.83	34.0524
1936.23	26.0528
1936.64	40.0531
1937.04	26.0534
1937.45	36.0538
1937.85	30.0541
1938.26	26.0544
1938.66	34.0547
1939.06	28.0551
1939.47	28.0554
1939.87	36.0557
1940.28	22.056
1940.68	30.0564
1941.08	36.0567
1941.49	32.057
1941.89	32.0574
1942.29	42.0577
1942.7	30.058
1943.1	28.0583
1943.51	40.0587
1943.91	28.059
1944.31	30.0593
1944.72	32.0597
1945.12	28.06
1945.53	30.0603
1945.93	32.0606
1946.33	30.061
1946.73	30.0613
1947.14	34.0616
1947.54	28.0619
1947.95	32.0623
1948.35	30.0626
1948.75	34.0629
1949.16	36.0633
1949.56	30.0636
1949.96	34.0639
1950.37	38.0642
1950.77	32.0646
1951.17	34.0649
1951.58	34.0652
1951.98	26.0655
1952.38	34.0659
1952.78	34.0662
1953.19	32.0665
1953.59	34.0669
1953.99	32.0672
1954.4	30.0675
1954.8	40.0678
1955.2	26.0682
1955.61	30.0685
1956.01	38.0688
1956.41	30.0691
1956.81	36.0695
1957.22	28.0698
1957.62	30.0701
1958.02	38.0705
1958.42	36.0708
1958.83	30.0711
1959.23	40.0714
1959.63	24.0718
1960.03	38.0721
1960.44	38.0724
1960.84	24.0728
1961.24	28.0731
1961.64	40.0734
1962.05	28.0737
1962.45	32.0741
1962.85	42.0744
1963.25	22.0747
1963.66	34.075
1964.06	34.0754
1964.46	26.0757
1964.86	36.076
1965.26	28.0764
1965.67	24.0767
1966.07	38.077
1966.47	30.0773
1966.87	30.0777
1967.28	34.078
1967.68	28.0783
1968.08	34.0786
1968.48	30.079
1968.88	30.0793
1969.29	36.0796
1969.69	34.08
1970.09	26.0803
1970.49	32.0806
1970.89	30.0809
1971.29	36.0813
1971.7	38.0816
1972.1	24.0819
1972.5	32.0823
1972.9	32.0826
1973.3	24.0829
1973.7	34.0832
1974.1	30.0836
1974.51	30.0839
1974.91	34.0842
1975.31	34.0845
1975.71	30.0849
1976.11	40.0852
1976.51	24.0855
1976.92	32.0859
1977.32	36.0862
1977.72	28.0865
1978.12	26.0868
1978.52	28.0872
1978.92	30.0875
1979.32	32.0878
1979.72	32.0882
1980.12	28.0885
1980.52	40.0888
1980.93	32.0891
1981.33	22.0895
1981.73	36.0898
1982.13	22.0901
1982.53	28.0904
1982.93	34.0908
1983.33	22.0911
1983.73	34.0914
1984.13	28.0918
1984.53	24.0921
1984.93	40.0924
1985.33	30.0927
1985.74	34.0931
1986.14	26.0934
1986.54	28.0937
1986.94	26.094
1987.34	36.0944
1987.74	30.0947
1988.14	28.095
1988.54	38.0954
1988.94	34.0957
1989.34	38.096
1989.74	38.0963
1990.14	28.0967
1990.54	38.097
1990.94	34.0973
1991.34	30.0977
1991.74	30.098
1992.14	24.0983
1992.54	34.0986
1992.94	32.099
1993.34	24.0993
1993.74	30.0996
1994.14	34.0999
1994.54	32.1003
1994.94	34.1006
1995.34	30.1009
1995.74	28.1013
1996.14	36.1016
1996.54	34.1019
1996.94	32.1022
1997.34	30.1026
1997.74	28.1029
1998.14	44.1032
1998.54	30.1035
1998.94	28.1039
1999.34	26.1042
1999.74	28.1045
2000.14	30.1049
2000.54	38.1052
2000.94	26.1055
2001.34	32.1058
2001.74	30.1062
2002.14	26.1065
2002.54	34.1068
2002.94	38.1072
2003.34	34.1075
2003.73	32.1078
2004.13	38.1081
2004.53	32.1085
2004.93	26.1088
2005.33	30.1091
2005.73	24.1094
2006.13	30.1098
2006.53	36.1101
2006.93	28.1104
2007.33	30.1108
2007.73	30.1111
2008.13	36.1114
2008.52	34.1117
2008.92	34.1121
2009.32	30.1124
2009.72	30.1127
2010.12	28.113
2010.52	26.1134
2010.92	32.1137
2011.32	32.114
2011.71	34.1144
2012.11	26.1147
2012.51	28.115
2012.91	32.1153
2013.31	20.1157
2013.71	30.116
2014.11	28.1163
2014.51	28.1166
2014.9	28.117
2015.3	30.1173
2015.7	32.1176
2016.1	36.118
2016.5	28.1183
2016.9	26.1186
2017.29	34.1189
2017.69	30.1193
2018.09	34.1196
2018.49	26.1199
2018.89	32.1203
2019.29	28.1206
2019.68	28.1209
2020.08	32.1212
2020.48	28.1216
2020.88	32.1219
2021.28	32.1222
2021.67	34.1225
2022.07	26.1229
2022.47	32.1232
2022.87	28.1235
2023.27	30.1239
2023.66	34.1242
2024.06	26.1245
2024.46	30.1248
2024.86	30.1252
2025.25	32.1255
2025.65	32.1258
2026.05	32.1262
2026.45	28.1265
2026.85	34.1268
2027.24	30.1271
2027.64	32.1275
2028.04	26.1278
2028.44	36.1281
2028.83	34.1284
2029.23	28.1288
2029.63	26.1291
2030.02	30.1294
2030.42	32.1298
2030.82	30.1301
2031.22	40.1304
2031.61	32.1307
2032.01	30.1311
2032.41	38.1314
2032.81	32.1317
2033.2	26.132
2033.6	34.1324
2034	32.1327
2034.4	28.133
2034.79	26.1334
2035.19	38.1337
2035.59	32.134
2035.98	32.1343
2036.38	30.1347
2036.78	28.135
2037.17	28.1353
2037.57	30.1357
2037.97	28.136
2038.36	26.1363
2038.76	30.1366
2039.16	32.137
2039.55	24.1373
2039.95	44.1376
2040.35	28.1379
2040.75	28.1383
2041.14	34.1386
2041.54	30.1389
2041.93	26.1393
2042.33	30.1396
2042.73	32.1399
2043.12	22.1402
2043.52	34.1406
2043.92	32.1409
2044.31	30.1412
2044.71	34.1415
2045.1	34.1419
2045.5	34.1422
2045.9	32.1425
2046.29	26.1429
2046.69	26.1432
2047.09	32.1435
2047.48	30.1438
2047.88	22.1442
2048.27	30.1445
2048.67	38.1448
2049.07	28.1452
2049.46	30.1455
2049.86	28.1458
2050.25	30.1461
2050.65	34.1465
2051.05	28.1468
2051.44	22.1471
2051.84	34.1474
2052.23	30.1478
2052.63	28.1481
2053.03	28.1484
2053.42	28.1488
2053.82	32.1491
2054.21	24.1494
2054.61	26.1497
2055	30.1501
2055.4	30.1504
2055.79	28.1507
2056.19	24.151
2056.58	34.1514
2056.98	18.1517
2057.37	32.152
2057.77	34.1524
2058.17	30.1527
2058.56	30.153
2058.96	30.1533
2059.35	30.1537
2059.75	30.154
2060.14	32.1543
2060.54	22.1546
2060.93	32.155
2061.33	34.1553
2061.72	28.1556
2062.12	42.156
2062.51	32.1563
2062.91	26.1566
2063.3	38.1569
2063.7	26.1573
2064.09	34.1576
2064.49	30.1579
2064.88	24.1583
2065.28	38.1586
2065.67	32.1589
2066.07	28.1592
2066.46	32.1596
2066.86	32.1599
2067.25	30.1602
2067.65	36.1605
2068.04	24.1609
2068.43	30.1612
2068.83	34.1615
2069.22	26.1619
2069.62	30.1622
2070.01	32.1625
2070.41	34.1628
2070.8	28.1632
2071.2	30.1635
2071.59	26.1638
2071.98	36.1642
2072.38	28.1645
2072.77	36.1648
2073.17	34.1651
2073.56	22.1655
2073.95	28.1658
2074.35	32.1661
2074.74	28.1664
2075.14	42.1668
2075.53	30.1671
2075.92	32.1674
2076.32	34.1678
2076.71	24.1681
2077.11	34.1684
2077.5	28.1687
2077.89	28.1691
2078.29	30.1694
2078.68	32.1697
2079.08	32.17
2079.47	40.1704
2079.86	32.1707
2080.26	28.171
2080.65	34.1714
2081.04	30.1717
2081.44	30.172
2081.83	36.1723
2082.23	26.1727
2082.62	32.173
2083.01	32.1733
2083.41	30.1737
2083.8	36.174
2084.19	26.1743
2084.59	26.1746
2084.98	42.175
2085.37	24.1753
2085.77	20.1756
2086.16	36.1759
2086.55	26.1763
2086.95	28.1766
2087.34	40.1769
2087.73	24.1773
2088.13	32.1776
2088.52	36.1779
2088.91	22.1782
2089.3	34.1786
2089.7	36.1789
2090.09	16.1792
2090.48	42.1796
2090.88	40.1799
2091.27	26.1802
2091.66	36.1805
2092.06	32.1809
2092.45	28.1812
2092.84	30.1815
2093.23	20.1818
2093.63	28.1822
2094.02	34.1825
2094.41	28.1828
2094.8	30.1832
2095.2	32.1835
2095.59	28.1838
2095.98	36.1841
2096.37	34.1845
2096.77	24.1848
2097.16	32.1851
2097.55	30.1854
2097.94	30.1858
2098.34	34.1861
2098.73	26.1864
2099.12	22.1868
2099.51	34.1871
2099.9	30.1874
2100.3	22.1877
2100.69	42.1881
2101.08	22.1884
2101.47	32.1887
2101.87	38.189
2102.26	20.1894
2102.65	36.1897
2103.04	32.19
2103.43	28.1904
2103.83	38.1907
2104.22	32.191
2104.61	20.1913
2105	36.1917
2105.39	36.192
2105.79	28.1923
2106.18	30.1927
2106.57	24.193
2106.96	32.1933
2107.35	42.1936
2107.74	22.194
2108.14	34.1943
2108.53	32.1946
2108.92	24.1949
2109.31	34.1953
2109.7	34.1956
2110.09	20.1959
2110.48	32.1963
2110.88	32.1966
2111.27	20.1969
2111.66	32.1972
2112.05	22.1976
2112.44	28.1979
2112.83	32.1982
2113.22	28.1985
2113.62	34.1989
2114.01	34.1992
2114.4	28.1995
2114.79	34.1999
2115.18	34.2002
2115.57	30.2005
2115.96	34.2008
2116.35	32.2012
2116.74	26.2015
2117.14	30.2018
2117.53	30.2022
2117.92	30.2025
2118.31	38.2028
2118.7	28.2031
2119.09	32.2035
2119.48	32.2038
2119.87	24.2041
2120.26	32.2044
2120.65	32.2048
2121.04	34.2051
2121.43	34.2054
2121.82	34.2058
2122.21	26.2061
2122.6	36.2064
2123	32.2067
2123.39	26.2071
2123.78	34.2074
2124.17	30.2077
2124.56	26.208
2124.95	28.2084
2125.34	28.2087
2125.73	30.209
2126.12	40.2094
2126.51	28.2097
2126.9	26.21
2127.29	36.2103
2127.68	28.2107
2128.07	32.211
2128.46	36.2113
2128.85	24.2117
2129.24	26.212
2129.63	32.2123
2130.02	30.2126
2130.41	32.213
2130.8	38.2133
2131.19	24.2136
2131.58	38.2139
2131.97	26.2143
2132.36	34.2146
2132.75	34.2149
2133.14	24.2153
2133.53	28.2156
2133.92	38.2159
2134.31	26.2162
2134.7	32.2166
2135.09	26.2169
2135.48	24.2172
2135.87	34.2175
2136.26	30.2179
2136.65	26.2182
2137.04	34.2185
2137.43	28.2189
2137.81	30.1668
2138.2	36.225
2138.59	26.4618
2138.98	30.0951
2139.37	41.8828
2139.76	24.3684
2140.15	32.2552
2140.54	30.3564
2140.93	22.7424
2141.32	35.894
2141.71	27.0125
2142.1	26.3418
2142.49	33.5627
2142.88	31.4315
2143.26	26.6824
2143.65	35.7777
2144.04	28.7233
2144.43	28.7497
2144.82	33.7669
2145.21	31.2988
2145.6	29.4389
2145.99	32.1369
2146.38	27.7626
2146.76	32.2447
2147.15	29.353
2147.54	29.554
2147.93	28.1603
2148.32	30.5374
2148.71	31.9816
2149.1	35.5809
2149.48	28.955
2149.87	32.1158
2150.26	28.1329
2150.65	24.7498
2151.04	26.7287
2151.43	30.2904
2151.82	29.6867
2152.2	29.6898
2152.59	30.592
2152.98	32.6265
2153.37	30.3965
2153.76	30.8639
2154.15	32.4644
2154.53	33.6091
2154.92	29.8668
2155.31	31.9999
2155.7	30.1075
2156.09	30.6917
2156.47	33.0715
2156.86	26.9794
2157.25	31.6726
2157.64	31.9289
2158.03	30.9037
2158.41	30.4343
2158.8	29.6887
2159.19	27.3151
2159.58	29.1097
2159.97	31.2197
2160.35	29.8072
2160.74	33.7116
2161.13	32.1767
2161.52	30.6472
2161.9	30.7796
2162.29	29.9669
2162.68	30.7342
2163.07	31.8422
2163.45	23.6399
2163.84	31.9665
2164.23	32.4167
2164.62	28.9918
2165.01	26.6259
2165.39	31.6271
2165.78	24.9937
2166.17	25.9458
2166.55	21.0006
2166.94	30.3377
2167.33	31.2855
2167.72	27.4611
2168.1	32.1617
2168.49	30.3541
2168.88	24.579
2169.26	29.8434
2169.65	33.1866
2170.04	28.0319
2170.43	32.6098
2170.81	28.2079
2171.2	29.3075
2171.59	35.7392
2171.97	27.8361
2172.36	34.4103
2172.75	36.1627
2173.13	28.712
2173.52	30.7324
2173.91	30.7593
2174.29	25.1864
2174.68	32.6985
2175.07	28.4746
2175.45	25.8796
2175.84	31.3214
2176.23	26.8883
2176.35	23.7682
2176.74	29.7684
2177.13	33.7686
2177.52	29.7688
2177.92	35.769
2178.31	27.7692
2178.7	27.7694
2179.09	35.7696
2179.48	33.7698
2179.87	29.77
2180.26	37.7702
2180.66	27.7704
2181.05	23.7706
2181.44	29.7708
2181.83	25.771
2182.22	23.7712
2182.61	35.7714
2183	27.7716
2183.39	35.7718
2183.79	31.772
2184.18	25.7722
2184.57	31.7724
2184.96	31.7726
2185.35	23.7728
2185.74	33.773
2186.13	29.7732
2186.52	33.7734
2186.91	37.7736
2187.3	23.7738
2187.69	27.774
2188.08	31.7742
2188.48	27.7744
2188.87	29.7746
2189.26	29.7748
2189.65	19.775
2190.04	31.7752
2190.43	33.7755
2190.82	31.7757
2191.21	25.7759
2191.6	29.7761
2191.99	27.7763
2192.38	31.7765
2192.77	23.7767
2193.16	31.7769
2193.55	33.7771
2193.94	23.7773
2194.33	29.7775
2194.72	37.7777
2195.11	31.7779
2195.51	31.7781
2195.9	21.7783
2196.29	29.7785
2196.68	31.7787
2197.07	21.7789
2197.46	29.7791
2197.85	29.7793
2198.24	27.7795
2198.63	35.7797
2199.02	31.7799
2199.41	23.7801
2199.79	31.7803
2200.18	33.7805
2200.58	33.7807
2200.97	35.7809
2201.36	23.7811
2201.75	25.7813
2202.14	27.7815
2202.52	31.7817
2202.91	29.7819
2203.3	31.7821
2203.69	29.7823
2204.08	29.7825
2204.47	31.7827
2204.86	35.7829
2205.25	31.7831
2205.64	27.7833
2206.03	31.7835
2206.42	23.7837
2206.81	31.7839
2207.2	27.7841
2207.59	29.7843
2207.98	31.7845
2208.37	27.7847
2208.76	33.7849
2209.15	35.7851
2209.54	29.7853
2209.92	31.7855
2210.31	27.7857
2210.7	31.7859
2211.09	29.7861
2211.48	31.7863
2211.87	29.7865
2212.26	35.7867
2212.65	29.7869
2213.04	27.7871
2213.43	25.7873
2213.81	35.7875
2214.2	31.7877
2214.59	29.7879
2214.98	31.7881
2215.37	31.7883
2215.76	31.7885
2216.15	25.7887
2216.54	31.7889
2216.93	27.7892
2217.31	31.7894
2217.7	35.7896
2218.09	25.7898
2218.48	29.79
2218.87	37.7902
2219.26	23.7904
2219.65	29.7906
2220.03	35.7908
2220.42	23.791
2220.81	31.7912
2221.2	33.7914
2221.59	25.7916
2221.98	33.7918
2222.36	31.792
2222.75	35.7922
2223.14	29.7924
2223.53	29.7926
2223.92	27.7928
2224.31	29.793
2224.69	33.7932
2225.08	29.7934
2225.47	37.7936
2225.86	33.7938
2226.25	35.794
2226.63	29.7942
2227.02	29.7944
2227.41	31.7946
2227.8	33.7948
2228.19	35.795
2228.57	33.7952
2228.96	39.7954
2229.35	27.7956
2229.74	23.7958
2230.12	23.796
2230.51	37.7962
2230.9	27.7964
2231.29	27.7966
2231.68	37.7968
2232.06	31.797
2232.45	35.7972
2232.84	27.7974
2233.23	33.7976
2233.61	35.7978
2234	27.798
2234.39	33.7982
2234.78	23.7984
2235.16	27.7986
2235.55	25.7988
2235.94	27.799
2236.32	29.7992
2236.71	25.7994
2237.1	19.7996
2237.49	29.7998
2237.87	33.8
2238.26	27.8002
2238.65	29.8004
2239.03	23.8006
2239.42	31.8008
2239.81	31.801
2240.2	33.8012
2240.58	39.8014
2240.97	25.8016
2241.36	33.8018
2241.75	29.802
2242.13	31.8022
2242.52	31.8024
2242.91	31.8026
2243.29	35.8028
2243.68	31.8031
2244.07	29.8033
2244.45	29.8035
2244.84	27.8037
2245.23	33.8039
2245.61	31.8041
2246	29.8043
2246.39	31.8045
2246.77	29.8047
2247.16	23.8049
2247.54	25.8051
2247.93	31.8053
2248.32	33.8055
2248.7	37.8057
2249.09	27.8059
2249.48	33.8061
2249.86	33.8063
2250.25	25.8065
2250.64	31.8067
2251.02	29.8069
2251.41	23.8071
2251.79	27.8073
2252.18	29.8075
2252.57	31.8077
2252.95	33.8079
2253.34	29.8081
2253.73	33.8083
2254.11	29.8085
2254.5	23.8087
2254.88	27.8089
2255.27	33.8091
2255.66	29.8093
2256.04	31.8095
2256.43	27.8097
2256.81	27.8099
2257.2	33.8101
2257.58	29.8103
2257.97	23.8105
2258.36	31.8107
2258.74	27.8109
2259.13	25.8111
2259.51	35.8113
2259.9	33.8115
2260.28	31.8117
2260.67	37.8119
2261.05	33.8121
2261.44	25.8123
2261.83	31.8125
2262.21	31.8127
2262.6	33.8129
2262.98	31.8131
2263.37	33.8133
2263.75	21.8135
2264.14	31.8137
2264.52	41.8139
2264.91	29.8141
2265.29	29.8143
2265.68	31.8145
2266.06	29.8147
2266.45	33.8149
2266.83	25.8151
2267.22	27.8153
2267.6	35.8155
2267.99	25.8157
2268.37	29.8159
2268.76	31.8161
2269.14	29.8163
2269.53	33.8165
2269.91	33.8167
2270.3	27.8169
2270.68	33.8172
2271.07	31.8174
2271.45	27.8176
2271.84	33.8178
2272.22	19.818
2272.61	23.8182
2272.99	33.8184
2273.38	19.8186
2273.76	33.8188
2274.15	33.819
2274.53	25.8192
2274.91	37.8194
2275.3	31.8196
2275.68	25.8198
2276.07	31.82
2276.45	23.8202
2276.84	27.8204
2277.22	29.8206
2277.61	29.8208
2277.99	39.821
2278.37	29.8212
2278.76	29.8214
2279.14	23.8216
2279.53	35.8218
2279.91	25.822
2280.3	39.8222
2280.68	27.8224
2281.06	33.8226
2281.45	31.8228
2281.83	21.823
2282.22	33.8232
2282.6	31.8234
2282.98	23.8236
2283.37	31.8238
2283.75	37.824
2284.13	33.8242
2284.52	33.8244
2284.9	31.8246
2285.29	25.8248
2285.67	35.825
2286.05	19.8252
2286.44	35.8254
2286.82	35.8256
2287.2	21.8258
2287.59	35.826
2287.97	27.8262
2288.35	27.8264
2288.74	31.8266
2289.12	23.8268
2289.51	35.827
2289.89	41.8272
2290.27	29.8274
2290.66	29.8276
2291.04	33.8278
2291.42	21.828
2291.81	29.8282
2292.19	31.8284
2292.57	33.8286
2292.96	39.8288
2293.34	31.829
2293.72	25.8292
2294.11	37.8294
2294.49	31.8296
2294.87	25.8298
2295.25	37.83
2295.64	27.8302
2296.02	31.8304
2296.4	27.8307
2296.79	27.8309
2297.17	33.8311
2297.55	33.8313
2297.94	23.8315
2298.32	29.8317
2298.7	33.8319
2299.08	23.8321
2299.47	45.8323
2299.85	33.8325
2300.23	27.8327
2300.61	37.8329
2301	23.8331
2301.38	27.8333
2301.76	29.8335
2302.15	23.8337
2302.53	23.8339
2302.91	39.8341
2303.29	27.8343
2303.68	31.8345
2304.06	33.8347
2304.44	17.8349
2304.82	31.8351
2305.2	31.8353
2305.59	25.8355
2305.97	35.8357
2306.35	33.8359
2306.73	29.8361
2307.11	35.8363
2307.5	29.8365
2307.88	23.8367
2308.26	35.8369
2308.64	25.8371
2309.03	23.8373
2309.41	31.8375
2309.79	27.8377
2310.17	33.8379
2310.55	35.8381
2310.94	25.8383
2311.32	37.8385
2311.7	35.8387
2312.08	29.8389
2312.46	29.8391
2312.85	31.8393
2313.23	25.8395
2313.61	31.8397
2313.99	29.8399
2314.37	31.8401
2314.75	33.8403
2315.14	35.8405
2315.52	29.8407
2315.9	33.8409
2316.28	21.8411
2316.66	21.8413
2317.04	39.8415
2317.42	35.8417
2317.8	33.8419
2318.19	33.8421
2318.57	25.8423
2318.95	43.8425
2319.33	33.8427
2319.71	25.8429
2320.09	31.8431
2320.47	31.8433
2320.86	21.8435
2321.24	37.8437
2321.62	27.8439
2322	25.8441
2322.38	41.8443
2322.76	25.8445
2323.14	33.8447
2323.52	31.845
2323.9	27.8452
2324.29	31.8454
2324.67	25.8456
2325.05	23.8458
2325.43	31.846
2325.81	31.8462
2326.19	25.8464
2326.57	29.8466
2326.95	27.8468
2327.33	27.847
2327.71	33.8472
2328.09	31.8474
2328.47	33.8476
2328.85	37.8478
2329.24	31.848
2329.62	37.8482
2330	35.8484
2330.38	17.8486
2330.76	33.8488
2331.14	35.849
2331.52	25.8492
2331.9	31.8494
2332.28	31.8496
2332.66	23.8498
2333.04	33.85
2333.42	25.8502
2333.8	31.8504
2334.18	39.8506
2334.56	23.8508
2334.94	39.851
2335.32	35.8512
2335.7	29.8514
2336.08	33.8516
2336.46	37.8518
2336.84	21.852
2337.22	37.8522
2337.6	29.8524
2337.98	29.8526
2338.36	33.8528
2338.74	35.853
2339.12	31.8532
2339.5	29.8534
2339.88	27.8536
2340.26	35.8538
2340.64	35.854
2341.02	25.8542
2341.4	35.8544
2341.78	29.8546
2342.16	25.8548
2342.54	37.855
2342.92	29.8552
2343.3	31.8554
2343.68	33.8556
2344.06	35.8558
2344.44	29.856
2344.82	35.8562
2345.2	31.8564
2345.57	33.8566
2345.95	37.8568
2346.33	29.857
2346.71	31.8572
2347.09	35.8574
2347.47	29.8576
2347.85	33.8578
2348.23	23.858
2348.61	31.8582
2348.99	37.8585
2349.37	29.8587
2349.75	25.8589
2350.12	33.8591
2350.5	25.8593
2350.88	31.8595
2351.26	33.8597
2351.64	29.8599
2352.02	23.8601
2352.4	33.8603
2352.78	29.8605
2353.16	31.8607
2353.54	29.8609
2353.91	31.8611
2354.29	37.8613
2354.67	29.8615
2355.05	27.8617
2355.43	37.8619
2355.81	29.8621
2356.19	29.8623
2356.56	33.8625
2356.94	29.8627
2357.32	31.8629
2357.7	35.8631
2358.08	25.8633
2358.46	39.8635
2358.83	29.8637
2359.21	25.8639
2359.59	31.8641
2359.97	31.8643
2360.35	23.8645
2360.73	29.8647
2361.11	29.8649
2361.48	33.8651
2361.86	29.8653
2362.24	23.8655
2362.62	33.8657
2363	27.8659
2363.38	29.8661
2363.75	29.8663
2364.13	29.8665
2364.51	29.8667
2364.89	33.8669
2365.26	29.8671
2365.64	23.8673
2366.02	25.8675
2366.4	29.8677
2366.78	29.8679
2367.16	31.8681
2367.53	31.8683
2367.91	39.8685
2368.29	31.8687
2368.66	31.8689
2369.04	35.8691
2369.42	21.8693
2369.8	31.8695
2370.18	33.8697
2370.55	27.8699
2370.93	33.8701
2371.31	35.8703
2371.69	29.8705
2372.06	35.8707
2372.44	31.8709
2372.82	23.8711
2373.2	27.8713
2373.57	21.8715
2373.95	29.8717
2374.33	31.8719
2374.7	29.8721
2375.08	35.8724
2375.46	27.8726
2375.84	31.8728
2376.21	29.873
2376.59	29.8732
2376.97	31.8734
2377.34	29.8736
2377.72	25.8738
2378.1	29.874
2378.48	31.8742
2378.85	27.8744
2379.23	25.8746
2379.61	27.8748
2379.98	29.875
2380.36	35.8752
2380.74	29.8754
2381.11	33.8756
2381.49	27.8758
2381.87	25.876
2382.24	35.8762
2382.62	31.8764
2383	27.8766
2383.38	31.8768
2383.75	29.877
2384.13	33.8772
2384.51	27.8774
2384.88	33.8776
2385.26	29.8778
2385.63	25.878
2386.01	31.8782
2386.39	23.8784
2386.76	31.8786
2387.14	31.8788
2387.52	25.879
2387.89	29.8792
2388.27	37.8794
2388.65	27.8796
2389.02	25.8798
2389.4	27.88
2389.77	27.8802
2390.15	25.8804
2390.53	29.8806
2390.9	31.8808
2391.28	25.881
2391.65	25.8812
2392.03	27.8814
2392.41	31.8816
2392.78	31.8818
2393.16	25.882
2393.53	29.8822
2393.91	27.8824
2394.29	27.8826
2394.66	29.8828
2395.04	33.883
2395.41	33.8832
2395.79	23.8834
2396.17	27.8836
2396.54	21.8838
2396.92	35.884
2397.29	35.8842
2397.67	31.8844
2398.04	33.8846
2398.42	31.8848
2398.79	27.885
2399.17	31.8852
2399.54	35.8854
2399.92	27.8856
2400.3	29.8858
2400.67	29.886
2401.05	33.8862
2401.42	31.8865
2401.8	31.8867
2402.17	35.8869
2402.55	33.8871
2402.92	31.8873
2403.3	21.8875
2403.67	27.8877
2404.05	29.8879
2404.42	25.8881
2404.8	27.8883
2405.17	33.8885
2405.55	27.8887
2405.92	25.8889
2406.3	29.8891
2406.67	31.8893
2407.05	35.8895
2407.42	31.8897
2407.8	37.8899
2408.17	29.8901
2408.55	33.8903
2408.92	33.8905
2409.3	31.8907
2409.67	37.8909
2410.05	29.8911
2410.42	33.8913
2410.8	37.8915
2411.17	29.8917
2411.55	25.8919
2411.92	21.8921
2412.29	23.8923
2412.67	31.8925
2413.04	29.8927
2413.42	29.8929
2413.79	33.8931
2414.17	27.8933
2414.54	25.8935
2414.92	27.8937
2415.29	27.8939
2415.67	29.8941
2416.04	33.8943
2416.41	31.8945
2416.79	27.8947
2417.16	17.8949
2417.54	23.8951
2417.91	29.8953
2418.28	33.8955
2418.66	31.8957
2419.03	33.8959
2419.41	31.8961
2419.78	29.8963
2420.15	31.8965
2420.53	33.8967
2420.9	33.8969
2421.28	27.8971
2421.65	33.8973
2422.02	29.8975
2422.4	29.8977
2422.77	37.8979
2423.14	33.8981
2423.52	29.8983
2423.89	31.8985
2424.27	29.8987
2424.64	27.8989
2425.01	27.8991
2425.39	27.8993
2425.76	35.8995
2426.13	39.8997
2426.51	25.9
2426.88	31.9002
2427.25	31.9004
2427.63	33.9006
2428	29.9008
2428.37	29.901
2428.75	29.9012
2429.12	33.9014
2429.49	29.9016
2429.87	35.9018
2430.24	33.902
2430.61	35.9022
2430.99	23.9024
2431.36	27.9026
2431.73	27.9028
2432.11	35.903
2432.48	35.9032
2432.85	27.9034
2433.23	29.9036
2433.6	35.9038
2433.97	29.904
2434.34	21.9042
2434.72	35.9044
2435.09	29.9046
2435.46	29.9048
2435.84	27.905
2436.21	25.9052
2436.58	31.9054
2436.95	35.9056
2437.33	27.9058
2437.7	31.906
2438.07	29.9062
2438.44	27.9064
2438.82	33.9066
2439.19	29.9068
2439.56	31.907
2439.93	37.9072
2440.31	31.9074
2440.68	27.9076
2441.05	35.9078
2441.42	29.908
2441.8	33.9082
2442.17	31.9084
2442.54	25.9086
2442.91	39.9088
2443.29	21.909
2443.66	31.9092
2444.03	31.9094
2444.4	27.9096
2444.78	29.9098
2445.15	23.91
2445.52	29.9102
2445.89	33.9104
2446.26	29.9106
2446.64	25.9108
2447.01	27.911
2447.38	27.9112
2447.75	29.9114
2448.12	31.9116
2448.5	29.9118
2448.87	33.912
2449.24	29.9122
2449.61	31.9124
2449.98	29.9126
2450.36	25.9128
2450.73	25.913
2451.1	33.9132
2451.47	31.9134
2451.84	37.9137
2452.21	29.9139
2452.58	25.9141
2452.96	37.9143
2453.33	23.9145
2453.7	23.9147
2454.07	33.9149
2454.44	29.9151
2454.81	27.9153
2455.19	33.9155
2455.56	23.9157
2455.93	35.9159
2456.3	35.9161
2456.67	23.9163
2457.04	37.9165
2457.41	33.9167
2457.78	21.9169
2458.16	39.9171
2458.53	27.9173
2458.9	25.9175
2459.27	31.9177
2459.64	27.9179
2460.01	35.9181
2460.38	33.9183
2460.75	25.9185
2461.12	29.9187
2461.5	33.9189
2461.87	27.9191
2462.24	31.9193
2462.61	29.9195
2462.98	21.9197
2463.35	35.9199
2463.72	29.9201
2464.09	25.9203
2464.46	35.9205
2464.83	25.9207
2465.2	31.9209
2465.57	39.9211
2465.94	23.9213
2466.32	27.9215
2466.68	35.9217
2467.06	21.9219
2467.43	33.9221
2467.8	27.9223
2468.17	29.9225
2468.54	31.9227
2468.91	29.9229
2469.28	23.9231
2469.65	33.9233
2470.02	29.9235
2470.39	35.9237
2470.76	35.9239
2471.13	27.9241
2471.5	29.9243
2471.87	33.9245
2472.24	27.9247
2472.61	33.9249
2472.98	35.9251
2473.35	19.9253
2473.72	33.9255
2474.09	31.9257
2474.46	25.9259
2474.83	41.9261
2475.2	31.9263
2475.57	23.9265
2475.94	39.9267
2476.31	31.9269
2476.68	31.9271
2477.05	35.9273
2477.42	31.9275
2477.79	31.9278
2478.16	31.928
2478.53	23.9282
2478.9	33.9284
2479.27	35.9286
2479.64	21.9288
2480.01	39.929
2480.38	29.9292
2480.75	27.9294
2481.12	35.9296
2481.49	23.9298
2481.85	17.93
2482.23	35.9302
2482.59	27.9304
2482.96	31.9306
2483.33	37.9308
2483.7	31.931
2484.07	29.9312
2484.44	35.9314
2484.81	23.9316
2485.18	29.9318
2485.55	33.932
2485.92	25.9322
2486.29	33.9324
2486.66	25.9326
2487.02	27.9328
2487.39	35.933
2487.76	27.9332
2488.13	31.9334
2488.5	35.9336
2488.87	21.9697
2489.24	27.9707
2489.61	30.0523
2489.98	33.9256
2490.35	32.1286
2490.71	28.1769
2491.08	22.6003
2491.45	31.7172
2491.82	30.0003
2492.19	29.6511
2492.56	35.4127
2492.93	33.7515
2493.3	27.8593
2493.66	31.4941
2494.03	29.7584
2494.4	25.2032
2494.77	36.3257
2495.14	27.6766
2495.51	28.2759
2495.88	32.7978
2496.24	29.2295
2496.61	31.9699
2496.98	27.6384
2497.35	27.9535
2497.72	27.9563
2498.08	29.9508
2498.45	30.9455
2498.82	31.9244
2499.19	30.9089
2499.56	32.7891
2499.93	36.9152
2500.29	31.0483
2500.66	28.0364
2501.03	33.175
2501.4	25.382
2501.77	31.4407
2502.13	32.3743
2502.5	25.848
2502.87	29.6708
2503.24	32.1101
2503.61	28.9041
2503.97	32.4179
2504.34	38.6159
2504.71	25.2048
2505.08	30.0415
2505.44	26.2016
2505.81	28.5518
2506.18	35.2968
2506.55	25.6147
2506.91	28.651
2507.28	34.0306
2507.65	26.6346
2508.02	30.2639
2508.39	29.3839
2508.75	29.9754
2509.12	31.1964
2509.49	31.53
2509.86	24.7898
2510.22	32.5105
2510.59	29.5158
2510.96	29.2282
2511.32	32.5805
2511.69	27.8146
2512.06	29.1237
2512.43	34.6664
2512.79	27.8376
2513.16	29.8715
2513.53	32.5589
2513.89	30.119
2514.26	33.8596
2514.63	30.8886
2515	21.4583
2515.36	26.7988
2515.73	31.9866
2516.1	28.5833
2516.46	31.0397
2516.83	26.4743
2517.2	32.3169
2517.56	35.3479
2517.93	27.4357
2518.3	25.2624
2518.66	30.4235
2519.03	29.517
2519.4	36.009
2519.77	32.551
2520.13	27.7383
2520.5	32.3298
2520.86	30.4373
2521.23	26.5714
2521.6	30.543
2521.96	29.6884
2522.33	27.3836
2522.7	35.0107
2523.06	25.5053
2523.43	33.283
2523.8	32.0764
2524.16	25.1335
2524.53	37.1396
2524.9	29.9987
2525.26	29.7895
2525.63	32.1259
2526	26.2885
2526.36	27.9373
2526.73	26.1287
2526.74	26.0008
2527.11	28.0004
2527.48	29.9999
2527.85	39.9995
2528.22	23.9991
2528.59	21.9987
2528.96	29.9982
2529.33	31.9978
2529.71	31.9974
2530.08	29.9969
2530.45	29.9965
2530.82	29.9961
2531.19	23.9957
2531.56	31.9952
2531.93	29.9948
2532.3	33.9944
2532.67	37.994
2533.04	25.9935
2533.41	37.9931
2533.78	29.9927
2534.15	31.9922
2534.52	31.9918
2534.9	33.9914
2535.26	25.991
2535.64	31.9905
2536	25.9901
2536.38	33.9897
2536.75	33.9893
2537.12	27.9888
2537.49	27.9884
2537.86	29.988
2538.23	33.9875
2538.6	33.9871
2538.97	31.9867
2539.34	35.9863
2539.71	23.9858
2540.08	31.9854
2540.45	27.985
2540.82	27.9846
2541.19	31.9841
2541.56	31.9837
2541.93	29.9833
2542.3	31.9828
2542.67	27.9824
2543.04	31.982
2543.41	31.9816
2543.78	23.9811
2544.15	25.9807
2544.52	29.9803
2544.89	33.9798
2545.26	25.9794
2545.63	29.979
2546	35.9786
2546.37	31.9781
2546.74	31.9777
2547.11	33.9773
2547.47	23.9769
2547.85	35.9764
2548.21	35.976
2548.58	35.9756
2548.95	29.9751
2549.32	31.9747
2549.69	39.9743
2550.06	29.9739
2550.43	33.9734
2550.8	31.973
2551.17	31.9726
2551.54	31.9722
2551.91	29.9717
2552.28	31.9713
2552.65	27.9709
2553.02	27.9704
2553.39	31.97
2553.75	31.9696
2554.12	33.9692
2554.49	27.9687
2554.86	39.9683
2555.23	33.9679
2555.6	31.9675
2555.97	33.967
2556.34	31.9666
2556.71	29.9662
2557.08	27.9657
2557.45	31.9653
2557.81	29.9649
2558.18	29.9645
2558.55	27.964
2558.92	27.9636
2559.29	21.9632
2559.66	35.9627
2560.03	35.9623
2560.4	23.9619
2560.76	33.9615
2561.13	29.961
2561.5	33.9606
2561.87	29.9602
2562.24	31.9598
2562.61	31.9593
2562.97	27.9589
2563.34	29.9585
2563.71	31.958
2564.08	31.9576
2564.45	31.9572
2564.82	27.9568
2565.18	37.9563
2565.55	33.9559
2565.92	31.9555
2566.29	41.9551
2566.66	27.9546
2567.03	25.9542
2567.39	29.9538
2567.76	29.9533
2568.13	23.9529
2568.5	31.9525
2568.87	19.9521
2569.24	31.9516
2569.6	33.9512
2569.97	29.9508
2570.34	29.9503
2570.71	27.9499
2571.07	27.9495
2571.44	27.9491
2571.81	31.9486
2572.18	29.9482
2572.55	27.9478
2572.91	31.9474
2573.28	29.9469
2573.65	37.9465
2574.02	27.9461
2574.39	31.9456
2574.75	29.9452
2575.12	27.9448
2575.49	31.9444
2575.86	27.9439
2576.22	39.9435
2576.59	31.9431
2576.96	37.9427
2577.33	29.9422
2577.69	35.9418
2578.06	33.9414
2578.43	29.9409
2578.8	31.9405
2579.16	27.9401
2579.53	39.9397
2579.9	35.9392
2580.26	31.9388
2580.63	35.9384
2581	29.938
2581.37	31.9375
2581.73	37.9371
2582.1	31.9367
2582.47	31.9362
2582.83	33.9358
2583.2	41.9354
2583.57	25.935
2583.93	37.9345
2584.3	31.9341
2584.67	29.9337
2585.04	29.9333
2585.4	25.9328
2585.77	31.9324
2586.14	29.932
2586.5	25.9315
2586.87	37.9311
2587.24	31.9307
2587.6	29.9303
2587.97	35.9298
2588.34	27.9294
2588.7	27.929
2589.07	33.9286
2589.44	31.9281
2589.8	27.9277
2590.17	35.9273
2590.54	31.9268
2590.9	31.9264
2591.27	29.926
2591.64	25.9256
2592	31.9251
2592.37	25.9247
2592.73	33.9243
2593.1	37.9238
2593.47	33.9234
2593.83	31.923
2594.2	33.9226
2594.57	27.9221
2594.93	27.9217
2595.3	29.9213
2595.67	31.9209
2596.03	31.9204
2596.4	27.92
2596.76	31.9196
2597.13	29.9191
2597.5	11.9187
2597.86	21.9183
2598.23	31.9179
2598.59	33.9174
2598.96	31.917
2599.33	33.9166
2599.69	25.9162
2600.06	33.9157
2600.42	31.9153
2600.79	21.9149
2601.16	45.9144
2601.52	25.914
2601.89	23.9136
2602.25	31.9132
2602.62	21.9127
2602.98	29.9123
2603.35	39.9119
2603.71	19.9114
2604.08	29.911
2604.45	35.9106
2604.81	27.9102
2605.18	35.9097
2605.54	31.9093
2605.91	23.9089
2606.27	39.9085
2606.64	29.908
2607	27.9076
2607.37	33.9072
2607.73	25.9067
2608.1	31.9063
2608.46	35.9059
2608.83	23.9055
2609.2	35.905
2609.56	27.9046
2609.93	23.9042
2610.29	29.9038
2610.66	27.9033
2611.02	27.9029
2611.38	35.9025
2611.75	35.902
2612.11	23.9016
2612.48	41.9012
2612.85	29.9008
2613.21	23.9003
2613.58	41.8999
2613.94	19.8995
2614.31	31.8991
2614.67	39.8986
2615.03	21.8982
2615.4	29.8978
2615.76	35.8973
2616.13	25.8969
2616.49	31.8965
2616.86	31.8961
2617.22	27.8956
2617.59	35.8952
2617.95	25.8948
2618.32	29.8944
2618.68	29.8939
2619.05	29.8935
2619.41	35.8931
2619.77	35.8926
2620.14	27.8922
2620.5	29.8918
2620.87	35.8914
2621.23	29.8909
2621.6	29.8905
2621.96	33.8901
2622.32	23.8896
2622.69	37.8892
2623.05	39.8888
2623.42	19.8884
2623.78	33.8879
2624.14	29.8875
2624.51	29.8871
2624.87	35.8867
2625.24	29.8862
2625.6	33.8858
2625.97	37.8854
2626.33	27.8849
2626.69	23.8845
2627.06	35.8841
2627.42	23.8837
2627.78	27.8832
2628.15	29.8828
2628.51	27.8824
2628.88	33.882
2629.24	33.8815
2629.6	23.8811
2629.97	33.8807
2630.33	23.8802
2630.69	27.8798
2631.06	43.8794
2631.42	27.879
2631.79	27.8785
2632.15	29.8781
2632.51	29.8777
2632.88	33.8773
2633.24	27.8768
2633.6	27.8764
2633.97	37.876
2634.33	35.8755
2634.69	27.8751
2635.06	31.8747
2635.42	33.8743
2635.78	23.8738
2636.15	33.8734
2636.51	27.873
2636.87	23.8725
2637.24	33.8721
2637.6	23.8717
2637.96	33.8713
2638.33	37.8708
2638.69	25.8704
2639.05	35.87
2639.41	39.8696
2639.78	31.8691
2640.14	33.8687
2640.5	25.8683
2640.87	35.8678
2641.23	39.8674
2641.59	43.867
2641.96	27.8666
2642.32	31.8661
2642.68	35.8657
2643.04	33.8653
2643.41	37.8649
2643.77	31.8644
2644.13	17.864
2644.49	27.8636
2644.86	35.8631
2645.22	29.8627
2645.58	35.8623
2645.94	31.8619
2646.31	31.8614
2646.67	33.861
2647.03	25.8606
2647.39	37.8602
2647.76	37.8597
2648.12	33.8593
2648.48	31.8589
2648.84	33.8584
2649.21	23.858
2649.57	31.8576
2649.93	25.8572
2650.29	33.8567
2650.66	35.8563
2651.02	31.8559
2651.38	29.8554
2651.74	25.855
2652.1	27.8546
2652.47	41.8542
2652.83	37.8537
2653.19	25.8533
2653.55	33.8529
2653.91	27.8525
2654.28	25.852
2654.64	41.8516
2655	23.8512
2655.36	33.8507
2655.72	33.8503
2656.09	31.8499
2656.45	31.8495
2656.81	27.849
2657.17	27.8486
2657.53	35.8482
2657.89	29.8478
2658.26	27.8473
2658.62	33.8469
2658.98	27.8465
2659.34	27.846
2659.7	39.8456
2660.06	23.8452
2660.43	37.8448
2660.79	35.8443
2661.15	19.8439
2661.51	25.8435
2661.87	33.8431
2662.23	25.8426
2662.59	33.8422
2662.96	35.8418
2663.32	29.8413
2663.68	29.8409
2664.04	33.8405
2664.4	33.8401
2664.76	27.8396
2665.12	27.8392
2665.48	33.8388
2665.84	27.8383
2666.21	29.8379
2666.57	31.8375
2666.93	33.8371
2667.29	23.8366
2667.65	37.8362
2668.01	29.8358
2668.37	29.8354
2668.73	33.8349
2669.09	31.8345
2669.46	27.8341
2669.82	33.8336
2670.18	29.8332
2670.54	27.8328
2670.9	33.8324
2671.26	29.8319
2671.62	37.8315
2671.98	33.8311
2672.34	27.8307
2672.7	33.8302
2673.06	29.8298
2673.42	21.8294
2673.78	33.8289
2674.14	27.8285
2674.5	25.8281
2674.87	35.8277
2675.23	31.8272
2675.58	31.8268
2675.95	37.8264
2676.31	25.826
2676.67	31.8255
2677.03	33.8251
2677.39	27.8247
2677.75	39.8242
2678.11	31.8238
2678.47	23.8234
2678.83	31.823
2679.19	33.8225
2679.55	29.8221
2679.91	33.8217
2680.27	27.8212
2680.63	29.8208
2680.99	29.8204
2681.35	33.82
2681.71	31.8195
2682.07	25.8191
2682.43	21.8187
2682.79	35.8183
2683.15	27.8178
2683.51	31.8174
2683.87	31.817
2684.23	27.8165
2684.59	31.8161
2684.95	31.8157
2685.31	31.8153
2685.67	39.8148
2686.03	25.8144
2686.39	25.814
2686.75	35.8136
2687.11	21.8131
2687.47	39.8127
2687.82	35.8123
2688.18	27.8118
2688.54	31.8114
2688.9	33.811
2689.26	23.8106
2689.62	33.8101
2689.98	31.8097
2690.34	35.8093
2690.7	31.8089
2691.06	29.8084
2691.42	31.808
2691.78	29.8076
2692.14	31.8071
2692.5	33.8067
2692.86	37.8063
2693.21	37.8059
2693.57	29.8054
2693.93	27.805
2694.29	31.8046
2694.65	37.8041
2695.01	35.8037
2695.37	39.8033
2695.73	25.8029
2696.09	23.8024
2696.45	27.802
2696.8	41.8016
2697.16	35.8012
2697.52	27.8007
2697.88	31.8003
2698.24	31.7999
2698.6	25.7994
2698.96	27.799
2699.32	27.7986
2699.68	35.7982
2700.03	35.7977
2700.39	33.7973
2700.75	33.7969
2701.11	31.7965
2701.47	29.796
2701.83	25.7956
2702.19	29.7952
2702.54	33.7947
2702.9	35.7943
2703.26	27.7939
2703.62	31.7935
2703.98	27.793
2704.34	31.7926
2704.69	29.7922
2705.05	29.7918
2705.41	21.7913
2705.77	33.7909
2706.13	31.7905
2706.49	29.79
2706.84	35.7896
2707.2	31.7892
2707.56	33.7888
2707.92	35.7883
2708.28	35.7879
2708.63	25.7875
2708.99	31.787
2709.35	35.7866
2709.71	29.7862
2710.07	27.7858
2710.42	39.7853
2710.78	29.7849
2711.14	35.7845
2711.5	27.7841
2711.86	31.7836
2712.21	31.7832
2712.57	29.7828
2712.93	29.7823
2713.29	31.7819
2713.64	25.7815
2714	35.7811
2714.36	25.7806
2714.72	33.7802
2715.08	33.7798
2715.43	35.7794
2715.79	31.7789
2716.15	29.7785
2716.5	27.7781
2716.86	35.7776
2717.22	39.7772
2717.58	29.7768
2717.94	33.7764
2718.29	29.7759
2718.65	33.7755
2719.01	29.7751
2719.36	33.7747
2719.72	29.7742
2720.08	23.7738
2720.44	29.7734
2720.79	35.7729
2721.15	27.7725
2721.51	33.7721
2721.86	33.7717
2722.22	31.7712
2722.58	33.7708
2722.93	39.7704
2723.29	31.77
2723.65	27.7695
2724.01	29.7691
2724.36	31.7687
2724.72	23.7682
2725.08	35.7678
2725.43	27.7674
2725.79	35.767
2726.15	21.7665
2726.5	33.7661
2726.86	31.7657
2727.22	29.7652
2727.57	29.7648
2727.93	31.7644
2728.29	35.764
2728.64	31.7635
2729	29.7631
2729.36	33.7627
2729.71	23.7623
2730.07	33.7618
2730.43	31.7614
2730.78	39.761
2731.14	29.7605
2731.5	29.7601
2731.85	31.7597
2732.21	29.7593
2732.56	31.7588
2732.92	29.7584
2733.28	31.758
2733.63	29.7576
2733.99	29.7571
2734.35	33.7567
2734.7	29.7563
2735.06	29.7558
2735.41	29.7554
2735.77	35.755
2736.13	33.7546
2736.48	31.7541
2736.84	33.7537
2737.19	27.7533
2737.55	31.7528
2737.91	29.7524
2738.26	29.752
2738.62	35.7516
2738.97	33.7511
2739.33	27.7507
2739.69	29.7503
2740.04	33.7499
2740.4	25.7494
2740.75	33.749
2741.11	31.7486
2741.46	29.7481
2741.82	39.7477
2742.18	31.7473
2742.53	29.7469
2742.89	25.7464
2743.24	27.746
2743.6	37.7456
2743.95	33.7452
2744.31	33.7447
2744.66	27.7443
2745.02	27.7439
2745.38	27.7434
2745.73	33.743
2746.09	37.7426
2746.44	29.7422
2746.8	35.7417
2747.15	31.7413
2747.51	33.7409
2747.86	31.7405
2748.22	35.74
2748.57	25.7396
2748.93	29.7392
2749.28	29.7387
2749.64	33.7383
2749.99	23.7379
2750.35	31.7375
2750.7	27.737
2751.06	29.7366
2751.41	29.7362
2751.77	25.7358
2752.12	37.7353
2752.48	27.7349
2752.83	25.7345
2753.19	33.734
2753.54	27.7336
2753.9	33.7332
2754.25	41.7328
2754.61	31.7323
2754.96	37.7319
2755.32	25.7315
2755.67	23.731
2756.03	31.7306
2756.38	31.7302
2756.74	29.7298
2757.09	31.7293
2757.44	27.7289
2757.8	31.7285
2758.15	31.7281
2758.51	23.7276
2758.86	33.7272
2759.22	33.7268
2759.57	27.7263
2759.93	33.7259
2760.28	21.7255
2760.63	29.7251
2760.99	33.7246
2761.34	23.7242
2761.7	29.7238
2762.05	37.7234
2762.4	31.7229
2762.76	33.7225
2763.11	37.7221
2763.47	25.7216
2763.82	35.7212
2764.17	29.7208
2764.53	25.7204
2764.88	35.7199
2765.24	21.7195
2765.59	33.7191
2765.94	33.7187
2766.3	25.7182
2766.65	39.7178
2767.01	31.7174
2767.36	21.7169
2767.71	37.7165
2768.07	35.7161
2768.42	23.7157
2768.77	41.7152
2769.13	29.7148
2769.48	33.7144
2769.84	35.7139
2770.19	31.7135
2770.54	27.7131
2770.9	31.7127
2771.25	27.7122
2771.6	29.7118
2771.96	31.7114
2772.31	25.711
2772.66	27.7105
2773.02	27.7101
2773.37	25.7097
2773.72	35.7092
2774.08	27.7088
2774.43	29.7084
2774.78	37.708
2775.14	27.7075
2775.49	25.7071
2775.84	35.7067
2776.2	19.7063
2776.55	31.7058
2776.9	33.7054
2777.26	23.705
2777.61	37.7045
2777.96	29.7041
2778.31	21.7037
2778.67	31.7033
2779.02	31.7028
2779.37	25.7024
2779.73	33.702
2780.08	37.7016
2780.43	25.7011
2780.79	33.7007
2781.14	31.7003
2781.49	31.6998
2781.84	31.6994
2782.2	31.699
2782.55	31.6986
2782.9	33.6981
2783.25	29.6977
2783.61	37.6973
2783.96	35.6968
2784.31	21.6964
2784.67	31.696
2785.02	33.6956
2785.37	29.6951
2785.72	39.6947
2786.07	25.6943
2786.43	25.6939
2786.78	35.6934
2787.13	31.693
2787.48	27.6926
2787.84	31.6921
2788.19	27.6917
2788.54	31.6913
2788.89	37.6909
2789.25	25.6904
2789.6	33.69
2789.95	27.6896
2790.3	21.6892
2790.65	33.6887
2791.01	33.6883
2791.36	25.6879
2791.71	29.6874
2792.06	27.687
2792.41	25.6866
2792.77	27.6862
2793.12	25.6857
2793.47	33.6853
2793.82	33.6849
2794.18	23.6845
2794.53	33.684
2794.88	35.6836
2795.23	19.6832
2795.58	29.6827
2795.93	31.6823
2796.29	23.6819
2796.64	27.6815
2796.99	31.681
2797.34	21.6806
2797.69	37.6802
2798.04	25.6797
2798.4	27.6793
2798.75	33.6789
2799.1	31.6785
2799.45	33.678
2799.8	35.6776
2800.15	23.6772
2800.5	31.6768
2800.86	33.6763
2801.21	29.6759
2801.56	37.6755
2801.91	31.675
2802.26	33.6746
2802.61	35.6742
2802.96	29.6738
2803.31	27.6733
2803.67	33.6729
2804.02	33.6725
2804.37	33.6721
2804.72	29.6716
2805.07	23.6712
2805.42	31.6708
2805.77	39.6703
2806.12	29.6699
2806.47	27.6695
2806.82	33.6691
2807.18	25.6686
2807.53	31.6682
2807.88	35.6678
2808.23	29.6674
2808.58	33.6669
2808.93	35.6665
2809.28	25.6661
2809.63	27.6656
2809.98	29.6652
2810.33	33.6648
2810.68	31.6644
2811.03	25.6639
2811.39	29.6635
2811.73	29.6631
2812.09	27.6626
2812.44	23.6622
2812.79	39.6618
2813.14	19.6614
2813.49	33.6609
2813.84	37.6605
2814.19	27.6601
2814.54	35.6597
2814.89	27.6592
2815.24	25.6588
2815.59	27.6584
2815.94	27.6579
2816.29	27.6575
2816.64	33.6571
2816.99	25.6567
2817.34	29.6562
2817.69	27.6558
2818.04	29.6554
2818.39	33.655
2818.74	31.6545
2819.09	29.6541
2819.44	37.6537
2819.79	39.6532
2820.14	33.6528
2820.49	37.6524
2820.84	17.652
2821.19	27.6551
2821.54	37.5037
2821.89	33.5766
2822.24	35.5413
2822.59	33.7211
2822.94	26.2227
2823.29	37.2089
2823.64	31.6101
2823.99	26.2145
2824.34	33.3538
2824.69	28.2522
2825.04	32.0366
2825.39	38.5454
2825.74	24.5141
2826.09	24.6773
2826.44	33.258
2826.79	23.1248
2827.14	30.3486
2827.49	29.424
2827.84	27.7831
2828.18	31.3326
2828.53	31.9896
2828.88	28.0139
2829.23	33.36
2829.58	27.1508
2829.93	31.1785
2830.28	31.0391
2830.63	25.2707
2830.98	32.5081
2831.33	34.3704
2831.68	26.7796
2832.03	27.5799
2832.38	32.0645
2832.73	27.5268
2833.07	30.628
2833.42	29.731
2833.77	26.5932
2834.12	35.6566
2834.47	29.8856
2834.82	30.4134
2835.17	30.3889
2835.52	27.5092
2835.86	30.7289
2836.21	32.6055
2836.56	29.5726
2836.91	32.591
2837.26	31.8407
2837.61	30.0517
2837.96	31.2972
2838.31	33.6633
2838.66	33.1494
2839	29.2938
2839.35	31.7067
2839.7	28.2172
2840.05	29.2788
2840.4	30.397
2840.75	28.7683
2841.1	29.6132
2841.44	33.1785
2841.79	32.3441
2842.14	27.7688
2842.49	30.9416
2842.84	30.7157
2843.19	28.9296
2843.53	29.3161
2843.88	34.1108
2844.23	31.7011
2844.58	33.1325
2844.93	33.9859
2845.28	29.1246
2845.62	31.5732
2845.97	30.9415
2846.32	30.9038
2846.67	29.7619
2847.01	27.6951
2847.36	30.4854
2847.71	33.3346
2848.06	30.9334
2848.41	34.1761
2848.75	32.5309
2849.1	31.3825
2849.45	34.7047
2849.8	32.1123
2850.15	27.1235
2850.49	27.5564
2850.84	29.7574
2851.19	28.5241
2851.54	33.9485
2851.88	31.9167
2852.23	32.7756
2852.58	29.6871
2852.93	26.2961
2853.28	26.3582
2853.62	34.6927
2853.97	28.814
2854.32	32.1174
2854.66	32.4429
2855.01	33.5712
2855.36	31.881
2855.71	35.798
2856.05	30.1932
2856.4	34.912
2856.75	30.0582
2857.1	29.2622
2857.44	33.7333
2857.74	30.3629
2858.1	36.3626
2858.45	34.3623
2858.8	34.3621
2859.15	42.3618
2859.51	32.3615
2859.86	36.3612
2860.21	28.3609
2860.56	32.3606
2860.91	32.3603
2861.26	36.3601
2861.62	30.3598
2861.97	34.3595
2862.32	32.3592
2862.67	30.3589
2863.02	34.3586
2863.37	34.3583
2863.73	28.3581
2864.08	32.3578
2864.43	38.3575
2864.78	28.3572
2865.13	36.3569
2865.48	26.3566
2865.84	28.3563
2866.19	34.356
2866.54	30.3558
2866.89	36.3555
2867.24	36.3552
2867.59	30.3549
2867.94	30.3546
2868.29	34.3543
2868.65	32.354
2869	38.3538
2869.35	32.3535
2869.7	30.3532
2870.05	34.3529
2870.4	30.3526
2870.75	34.3523
2871.1	34.352
2871.46	22.3518
2871.81	34.3515
2872.16	28.3512
2872.51	26.3509
2872.86	32.3506
2873.21	28.3503
2873.56	28.35
2873.91	40.3498
2874.26	32.3495
2874.61	26.3492
2874.97	44.3489
2875.32	32.3486
2875.67	26.3483
2876.02	36.348
2876.37	34.3478
2876.72	32.3475
2877.07	34.3472
2877.42	26.3469
2877.77	30.3466
2878.12	36.3463
2878.47	24.346
2878.82	34.3458
2879.17	34.3455
2879.52	26.3452
2879.87	34.3449
2880.23	28.3446
2880.58	36.3443
2880.93	38.344
2881.28	26.3438
2881.63	32.3435
2881.98	36.3432
2882.33	32.3429
2882.68	28.3426
2883.03	30.3423
2883.38	26.342
2883.73	36.3417
2884.08	32.3415
2884.43	26.3412
2884.78	30.3409
2885.13	40.3406
2885.48	24.3403
2885.83	28.34
2886.18	30.3397
2886.53	26.3395
2886.88	42.3392
2887.23	34.3389
2887.58	24.3386
2887.93	38.3383
2888.28	30.338
2888.63	26.3377
2888.98	32.3375
2889.33	28.3372
2889.68	36.3369
2890.03	32.3366
2890.38	22.3363
2890.73	32.336
2891.08	30.3357
2891.43	26.3355
2891.78	40.3352
2892.13	34.3349
2892.48	28.3346
2892.83	34.3343
2893.17	26.334
2893.52	34.3337
2893.87	38.3335
2894.22	24.3332
2894.57	30.3329
2894.92	38.3326
2895.27	24.3323
2895.62	32.332
2895.97	36.3317
2896.32	26.3314
2896.67	32.3312
2897.02	28.3309
2897.37	32.3306
2897.72	38.3303
2898.07	28.33
2898.42	28.3297
2898.76	30.3294
2899.11	30.3292
2899.46	32.3289
2899.81	28.3286
2900.16	34.3283
2900.51	30.328
2900.86	40.3277
2901.21	32.3274
2901.56	40.3272
2901.91	28.3269
2902.25	26.3266
2902.6	32.3263
2902.95	32.326
2903.3	22.3257
2903.65	34.3254
2904	30.3252
2904.35	24.3249
2904.7	32.3246
2905.04	28.3243
2905.39	30.324
2905.74	32.3237
2906.09	32.3234
2906.44	26.3232
2906.79	34.3229
2907.14	28.3226
2907.49	34.3223
2907.83	36.322
2908.18	32.3217
2908.53	28.3214
2908.88	26.3212
2909.23	26.3209
2909.57	36.3206
2909.92	26.3203
2910.27	30.32
2910.62	36.3197
2910.97	32.3194
2911.32	28.3192
2911.67	36.3189
2912.01	24.3186
2912.36	36.3183
2912.71	30.318
2913.06	30.3177
2913.41	32.3174
2913.75	34.3171
2914.1	32.3169
2914.45	36.3166
2914.8	28.3163
2915.15	30.316
2915.49	38.3157
2915.84	28.3154
2916.19	28.3151
2916.54	38.3149
2916.89	28.3146
2917.23	30.3143
2917.58	36.314
2917.93	26.3137
2918.28	32.3134
2918.62	26.3131
2918.97	24.3129
2919.32	40.3126
2919.67	30.3123
2920.01	24.312
2920.36	38.3117
2920.71	34.3114
2921.06	30.3111
2921.41	34.3109
2921.75	24.3106
2922.1	32.3103
2922.45	40.31
2922.8	20.3097
2923.14	36.3094
2923.49	36.3091
2923.84	28.3089
2924.19	38.3086
2924.53	26.3083
2924.88	34.308
2925.23	32.3077
2925.57	26.3074
2925.92	34.3071
2926.27	32.3069
2926.62	22.3066
2926.96	32.3063
2927.31	36.306
2927.66	32.3057
2928	40.3054
2928.35	26.3051
2928.7	32.3048
2929.05	34.3046
2929.39	28.3043
2929.74	28.304
2930.09	38.3037
2930.43	32.3034
2930.78	30.3031
2931.13	32.3028
2931.47	24.3026
2931.82	28.3023
2932.17	34.302
2932.51	34.3017
2932.86	34.3014
2933.21	32.3011
2933.55	26.3008
2933.9	36.3006
2934.25	32.3003
2934.59	28.3
2934.94	42.2997
2935.29	30.2994
2935.63	32.2991
2935.98	44.2988
2936.33	22.2986
2936.67	34.2983
2937.02	32.298
2937.37	26.2977
2937.71	32.2974
2938.06	34.2971
2938.41	36.2968
2938.75	34.2966
2939.1	28.2963
2939.44	32.296
2939.79	34.2957
2940.14	30.2954
2940.48	28.2951
2940.83	28.2948
2941.18	30.2946
2941.52	32.2943
2941.87	38.294
2942.21	26.2937
2942.56	36.2934
2942.91	24.2931
2943.25	32.2928
2943.6	38.2925
2943.94	18.2923
2944.29	38.292
2944.63	38.2917
2944.98	30.2914
2945.33	38.2911
2945.67	30.2908
2946.02	30.2905
2946.37	32.2903
2946.71	28.29
2947.06	28.2897
2947.4	34.2894
2947.75	32.2891
2948.09	32.2888
2948.44	28.2885
2948.78	26.2883
2949.13	34.288
2949.48	28.2877
2949.82	28.2874
2950.17	36.2871
2950.51	28.2868
2950.86	30.2865
2951.2	26.2863
2951.55	24.286
2951.89	36.2857
2952.24	36.2854
2952.59	30.2851
2952.93	32.2848
2953.28	32.2845
2953.62	34.2843
2953.97	32.284
2954.31	30.2837
2954.66	30.2834
2955	30.2831
2955.35	36.2828
2955.69	34.2825
2956.04	28.2823
2956.38	32.282
2956.73	32.2817
2957.07	30.2814
2957.42	32.2811
2957.76	28.2808
2958.11	30.2805
2958.45	30.2803
2958.8	32.28
2959.14	34.2797
2959.49	30.2794
2959.83	34.2791
2960.18	34.2788
2960.52	32.2785
2960.87	34.2782
2961.21	34.278
2961.55	26.2777
2961.9	32.2774
2962.24	30.2771
2962.59	28.2768
2962.93	26.2765
2963.28	32.2762
2963.62	32.276
2963.97	26.2757
2964.31	32.2754
2964.66	22.2751
2965	30.2748
2965.34	30.2745
2965.69	32.2742
2966.03	32.274
2966.38	34.2737
2966.72	28.2734
2967.07	30.2731
2967.41	40.2728
2967.76	38.2725
2968.1	32.2722
2968.44	34.272
2968.79	36.2717
2969.13	32.2714
2969.48	36.2711
2969.82	26.2708
2970.16	34.2705
2970.51	32.2702
2970.85	30.27
2971.2	28.2697
2971.54	34.2694
2971.88	32.2691
2972.23	24.2688
2972.57	34.2685
2972.92	32.2682
2973.26	26.268
2973.6	30.2677
2973.95	36.2674
2974.29	28.2671
2974.64	40.2668
2974.98	36.2665
2975.32	38.2662
2975.67	28.2659
2976.01	34.2657
2976.35	30.2654
2976.7	26.2651
2977.04	34.2648
2977.39	30.2645
2977.73	34.2642
2978.07	32.2639
2978.42	36.2637
2978.76	18.2634
2979.1	30.2631
2979.45	36.2628
2979.79	28.2625
2980.13	32.2622
2980.48	30.2619
2980.82	26.2617
2981.16	34.2614
2981.51	36.2611
2981.85	26.2608
2982.19	34.2605
2982.54	36.2602
2982.88	24.2599
2983.22	32.2597
2983.57	30.2594
2983.91	36.2591
2984.25	32.2588
2984.59	30.2585
2984.94	30.2582
2985.28	32.2579
2985.62	30.2577
2985.97	32.2574
2986.31	28.2571
2986.65	28.2568
2987	26.2565
2987.34	28.2562
2987.68	30.2559
2988.02	32.2557
2988.37	32.2554
2988.71	30.2551
2989.05	36.2548
2989.39	38.2545
2989.74	26.2542
2990.08	26.2539
2990.42	40.2537
2990.76	28.2534
2991.11	32.2531
2991.45	26.2528
2991.79	26.2525
2992.13	28.2522
2992.48	28.2519
2992.82	28.2516
2993.16	32.2514
2993.5	34.2511
2993.85	32.2508
2994.19	32.2505
2994.53	26.2502
2994.87	24.2499
2995.22	30.2496
2995.56	28.2494
2995.9	32.2491
2996.24	30.2488
2996.59	30.2485
2996.93	28.2482
2997.27	34.2479
2997.61	26.2476
2997.95	28.2474
2998.3	28.2471
2998.64	38.2468
2998.98	30.2465
2999.32	28.2462
2999.66	32.2459
3000.01	36.2456
3000.35	32.2454
3000.69	26.2451
3001.03	40.2448
3001.37	28.2445
3001.72	32.2442
3002.06	32.2439
3002.4	26.2436
3002.74	26.2434
3003.08	32.2431
3003.43	36.2428
3003.77	34.2425
3004.11	34.2422
3004.45	32.2419
3004.79	34.2416
3005.13	30.2413
3005.47	36.2411
3005.82	32.2408
3006.16	36.2405
3006.5	26.2402
3006.84	28.2399
3007.18	32.2396
3007.52	28.2393
3007.87	34.2391
3008.21	38.2388
3008.55	30.2385
3008.89	34.2382
3009.23	24.2379
3009.57	34.2376
3009.91	32.2373
3010.25	20.2371
3010.59	36.2368
3010.94	34.2365
3011.28	26.2362
3011.62	20.2359
3011.96	30.2356
3012.3	34.2353
3012.64	36.2351
3012.98	26.2348
3013.32	32.2345
3013.66	36.2342
3014.01	30.2339
3014.35	26.2336
3014.69	32.2333
3015.03	30.2331
3015.37	24.2328
3015.71	28.2325
3016.05	30.2322
3016.39	30.2319
3016.73	32.2316
3017.07	28.2313
3017.41	34.231
3017.75	34.2308
3018.1	30.2305
3018.44	32.2302
3018.78	26.2299
3019.12	32.2296
3019.46	30.2293
3019.8	30.229
3020.14	32.2288
3020.48	36.2285
3020.82	32.2282
3021.16	26.2279
3021.5	32.2276
3021.84	28.2273
3022.18	34.227
3022.52	32.2268
3022.86	24.2265
3023.2	40.2262
3023.54	32.2259
3023.88	26.2256
3024.22	30.2253
3024.56	32.225
3024.9	28.2248
3025.24	40.2245
3025.58	30.2242
3025.92	26.2239
3026.26	34.2236
3026.6	28.2233
3026.94	32.223
3027.29	40.2228
3027.63	20.2225
3027.96	34.2222
3028.3	40.2219
3028.64	24.2216
3028.98	42.2213
3029.32	34.221
3029.66	28.2208
3030	38.2205
3030.34	30.2202
3030.68	24.2199
3031.02	34.2196
3031.36	26.2193
3031.7	36.219
3032.04	40.2188
3032.38	26.2185
3032.72	32.2182
3033.06	30.2179
3033.4	26.2176
3033.74	32.2173
3034.08	30.217
3034.42	26.2167
3034.76	36.2165
3035.1	28.2162
3035.44	30.2159
3035.78	36.2156
3036.12	34.2153
3036.46	32.215
3036.8	40.2147
3037.13	30.2145
3037.47	34.2142
3037.81	34.2139
3038.15	32.2136
3038.49	36.2133
3038.83	36.213
3039.17	28.2127
3039.51	40.2125
3039.85	34.2122
3040.19	32.2119
3040.53	32.2116
3040.87	26.2113
3041.2	28.211
3041.54	34.2107
3041.88	24.2105
3042.22	32.2102
3042.56	40.2099
3042.9	26.2096
3043.24	32.2093
3043.58	38.209
3043.92	24.2087
3044.25	28.2085
3044.59	34.2082
3044.93	26.2079
3045.27	32.2076
3045.61	36.2073
3045.95	28.207
3046.29	40.2067
3046.63	32.2065
3046.96	32.2062
3047.3	34.2059
3047.64	24.2056
3047.98	30.2053
3048.32	34.205
3048.66	26.2047
3048.99	32.2044
3049.33	36.2042
3049.67	20.2039
3050.01	28.2036
3050.35	28.2033
3050.69	26.203
3051.03	38.2027
3051.36	30.2024
3051.7	24.2022
3052.04	46.2019
3052.38	26.2016
3052.72	24.2013
3053.06	38.201
3053.39	28.2007
3053.73	32.2004
3054.07	34.2002
3054.41	26.1999
3054.75	28.1996
3055.08	40.1993
3055.42	26.199
3055.76	32.1987
3056.1	38.1984
3056.44	34.1982
3056.77	42.1979
3057.11	24.1976
3057.45	28.1973
3057.79	38.197
3058.13	32.1967
3058.46	32.1964
3058.8	36.1962
3059.14	26.1959
3059.48	28.1956
3059.81	32.1953
3060.15	24.195
3060.49	38.1947
3060.83	38.1944
3061.16	28.1942
3061.5	34.1939
3061.84	32.1936
3062.18	30.1933
3062.51	26.193
3062.85	34.1927
3063.19	30.1924
3063.53	34.1922
3063.86	26.1919
3064.2	30.1916
3064.54	32.1913
3064.88	30.191
3065.21	32.1907
3065.55	30.1904
3065.89	36.1901
3066.22	34.1899
3066.56	34.1896
3066.9	32.1893
3067.24	36.189
3067.57	34.1887
3067.91	32.1884
3068.25	34.1881
3068.59	32.1879
3068.92	28.1876
3069.26	38.1873
3069.6	26.187
3069.93	32.1867
3070.27	38.1864
3070.61	30.1861
3070.94	36.1859
3071.28	36.1856
3071.62	22.1853
3071.95	30.185
3072.29	38.1847
3072.63	30.1844
3072.96	36.1841
3073.3	34.1839
3073.64	22.1836
3073.98	36.1833
3074.31	22.183
3074.65	22.1827
3074.98	36.1824
3075.32	22.1821
3075.66	28.1819
3075.99	26.1816
3076.33	26.1813
3076.67	34.181
3077	30.1807
3077.34	32.1804
3077.68	38.1801
3078.01	26.1799
3078.35	26.1796
3078.69	34.1793
3079.02	28.179
3079.36	34.1787
3079.69	36.1784
3080.03	34.1781
3080.37	30.1778
3080.7	38.1776
3081.04	18.1773
3081.38	38.177
3081.71	36.1767
3082.05	24.1764
3082.38	32.1761
3082.72	40.1758
3083.06	32.1756
3083.39	42.1753
3083.73	36.175
3084.06	30.1747
3084.4	36.1744
3084.74	22.1741
3085.07	42.1738
3085.41	34.1736
3085.74	26.1733
3086.08	32.173
3086.42	32.1727
3086.75	30.1724
3087.09	30.1721
3087.42	30.1718
3087.76	30.1716
3088.09	30.1713
3088.43	28.171
3088.77	34.1707
3089.1	36.1704
3089.44	32.1701
3089.77	34.1698
3090.11	36.1696
3090.44	28.1693
3090.78	32.169
3091.11	28.1687
3091.45	24.1684
3091.78	38.1681
3092.12	34.1678
3092.45	28.1676
3092.79	30.1673
3093.13	28.167
3093.46	32.1667
3093.8	34.1664
3094.13	24.1661
3094.47	30.1658
3094.8	32.1656
3095.14	34.1653
3095.47	40.165
3095.81	26.1647
3096.14	34.1644
3096.48	32.1641
3096.81	30.1638
3097.15	28.1635
3097.48	34.1633
3097.82	22.163
3098.15	30.1627
3098.49	34.1624
3098.82	24.1621
3099.16	34.1618
3099.49	22.1615
3099.83	28.1613
3100.16	40.161
3100.5	32.1607
3100.83	30.1604
3101.17	32.1601
3101.5	32.1598
3101.84	34.1595
3102.17	30.1593
3102.5	32.159
3102.84	32.1587
3103.17	40.1584
3103.51	34.1581
3103.84	36.1578
3104.18	30.1575
3104.51	26.1573
3104.85	30.157
3105.18	26.1567
3105.51	32.1564
3105.85	34.1561
3106.18	32.1558
3106.52	34.1555
3106.85	28.1553
3107.19	32.155
3107.52	34.1547
3107.86	30.1544
3108.19	26.1541
3108.52	30.1538
3108.86	26.1535
3109.19	32.1533
3109.53	30.153
3109.86	34.1527
3110.19	30.1524
3110.53	30.1521
3110.86	36.1518
3111.2	38.1515
3111.53	26.1512
3111.86	26.151
3112.2	40.1507
3112.53	34.1504
3112.87	32.1501
3113.2	34.1498
3113.53	38.1495
3113.87	32.1492
3114.2	28.149
3114.53	20.1487
3114.87	32.1484
3115.2	28.1481
3115.54	32.1478
3115.87	30.1475
3116.2	28.1472
3116.54	30.147
3116.87	22.1467
3117.2	32.1464
3117.54	32.1461
3117.87	30.1458
3118.2	32.1455
3118.54	32.1452
3118.87	34.145
3119.2	36.1447
3119.54	34.1444
3119.87	32.1441
3120.2	36.1438
3120.54	28.1435
3120.87	34.1432
3121.2	28.143
3121.54	32.1427
3121.87	32.1424
3122.2	30.1421
3122.54	32.1418
3122.87	32.1415
3123.2	38.1412
3123.54	32.1409
3123.87	26.1407
3124.2	34.1404
3124.54	38.1401
3124.87	26.1398
3125.2	28.1395
3125.54	36.1392
3125.87	34.1389
3126.2	30.1387
3126.53	38.1384
3126.87	34.1381
3127.2	30.1378
3127.53	36.1375
3127.87	28.1372
3128.2	38.1369
3128.53	36.1367
3128.86	34.1364
3129.2	32.1361
3129.53	34.1358
3129.86	26.1355
3130.19	34.1352
3130.53	42.1349
3130.86	22.1347
3131.19	24.1344
3131.53	30.1341
3131.86	30.1338
3132.19	30.1335
3132.52	32.1332
3132.85	38.1329
3133.19	30.1327
3133.52	32.1324
3133.85	30.1321
3134.19	34.1318
3134.52	26.1315
3134.85	28.1312
3135.18	34.1309
3135.51	28.1307
3135.85	28.1304
3136.18	28.1301
3136.51	28.1298
3136.84	36.1295
3137.17	32.1292
3137.51	30.1289
3137.84	30.1287
3138.17	28.1371
3138.5	34.1056
3138.83	36.0036
3139.17	32.1401
3139.5	32.1445
3139.83	34.0013
3140.16	26.493
3140.49	29.98
3140.83	30.0642
3141.16	30.3944
3141.49	31.71
3141.82	31.5588
3142.15	26.7161
3142.49	30.068
3142.82	26.6634
3143.15	28.5366
3143.48	28.8795
3143.81	29.2931
3144.14	29.7934
3144.48	26.3211
3144.81	32.2914
3145.14	33.6314
3145.47	27.5708
3145.8	31.606
3146.13	29.1418
3146.46	33.0343
3146.8	33.5372
3147.13	30.9454
3147.46	25.3439
3147.79	26.8398
3148.12	29.1746
3148.45	29.8503
3148.78	30.5631
3149.12	30.7008
3149.45	28.2563
3149.78	34.4975
3150.11	26.581
3150.44	26.2965
3150.77	34.6756
3151.1	29.2316
3151.43	34.0284
3151.77	31.7598
3152.1	28.0989
3152.43	34.4461
3152.76	29.1031
3153.09	26.0875
3153.42	31.2667
3153.75	26.3113
3154.08	33.0116
3154.41	29.8989
3154.74	29.9926
3155.07	29.0619
3155.41	34.9902
3155.74	29.8605
3156.07	28.8315
3156.4	34.676
3156.73	32.0274
3157.06	28.4993
3157.39	32.9922
3157.72	30.2007
3158.05	27.8381
3158.38	31.6945
3158.71	34.6924
3159.04	29.5981
3159.37	29.2014
3159.7	28.8604
3160.03	35.3682
3160.37	32.8857
3160.69	31.8415
3161.03	30.1234
3161.36	29.3627
3161.69	28.6876
3162.02	33.1133
3162.35	27.6652
3162.68	29.0037
3163.01	31.8968
3163.34	34.3541
3163.67	33.511
3164	31.0445
3164.33	27.0054
3164.66	30.2699
3164.99	31.8288
3165.32	26.0139
3165.65	29.2638
3165.98	28.0921
3166.31	29.6481
3166.64	33.3253
3166.97	33.0645
3167.3	30.6612
3167.63	29.9786
3167.96	27.5624
3168.29	25.3924
3168.62	29.92
3168.95	32.3106
3169.28	30.9743
3169.61	26.563
3169.94	28.2803
3170.27	30.937
3170.6	32.2984
3170.93	34.5068
3171.26	34.5478
3171.49	31.8219
3171.82	29.8211
3172.16	35.8203
3172.49	37.8195
3172.82	29.8187
3173.16	25.818
3173.49	27.8172
3173.83	35.8164
3174.16	33.8156
3174.49	31.8148
3174.83	27.8141
3175.16	21.8133
3175.5	29.8125
3175.83	25.8117
3176.16	27.8109
3176.5	25.8102
3176.83	27.8094
3177.17	37.8086
3177.5	23.8078
3177.83	23.807
3178.17	31.8063
3178.5	25.8055
3178.84	27.8047
3179.17	35.8039
3179.5	33.8031
3179.84	25.8024
3180.17	37.8016
3180.51	37.8008
3180.84	27.8
3181.17	25.7992
3181.51	27.7985
3181.84	31.7977
3182.17	33.7969
3182.51	25.7961
3182.84	25.7953
3183.18	27.7946
3183.51	31.7938
3183.84	25.793
3184.18	29.7922
3184.51	31.7914
3184.84	27.7907
3185.18	25.7899
3185.51	33.7891
3185.84	23.7883
3186.18	35.7875
3186.51	35.7868
3186.84	29.786
3187.18	25.7852
3187.51	31.7844
3187.84	31.7836
3188.17	33.7829
3188.51	27.7821
3188.84	29.7813
3189.17	39.7805
3189.51	31.7797
3189.84	29.779
3190.17	29.7782
3190.51	23.7774
3190.84	25.7766
3191.17	31.7758
3191.51	27.7751
3191.84	29.7743
3192.17	27.7735
3192.5	31.7727
3192.84	35.7719
3193.17	29.7712
3193.5	27.7704
3193.84	21.7696
3194.17	33.7688
3194.5	31.768
3194.83	31.7673
3195.17	31.7665
3195.5	25.7657
3195.83	37.7649
3196.16	27.7641
3196.5	31.7634
3196.83	33.7626
3197.16	23.7618
3197.5	23.761
3197.83	29.7602
3198.16	23.7595
3198.49	35.7587
3198.83	27.7579
3199.16	29.7571
3199.49	31.7563
3199.82	31.7556
3200.16	29.7548
3200.49	27.754
3200.82	29.7532
3201.15	25.7524
3201.48	33.7517
3201.82	25.7509
3202.15	33.7501
3202.48	29.7493
3202.81	23.7485
3203.15	27.7478
3203.48	35.747
3203.81	27.7462
3204.14	29.7454
3204.47	31.7446
3204.81	31.7439
3205.14	29.7431
3205.47	27.7423
3205.8	29.7415
3206.13	27.7407
3206.47	29.74
3206.8	27.7392
3207.13	29.7384
3207.46	25.7376
3207.79	31.7368
3208.12	27.7361
3208.46	33.7353
3208.79	31.7345
3209.12	27.7337
3209.45	33.7329
3209.78	33.7322
3210.12	33.7314
3210.45	27.7306
3210.78	29.7298
3211.11	25.729
3211.44	35.7283
3211.77	23.7275
3212.11	35.7267
3212.44	29.7259
3212.77	29.7251
3213.1	31.7244
3213.43	33.7236
3213.76	37.7228
3214.09	31.722
3214.43	27.7212
3214.76	25.7205
3215.09	33.7197
3215.42	37.7189
3215.75	27.7181
3216.08	27.7174
3216.41	29.7166
3216.74	31.7158
3217.08	37.715
3217.41	27.7142
3217.74	33.7135
3218.07	37.7127
3218.4	19.7119
3218.73	25.7111
3219.06	31.7103
3219.39	19.7096
3219.72	33.7088
3220.05	31.708
3220.39	17.7072
3220.72	41.7064
3221.05	27.7057
3221.38	27.7049
3221.71	35.7041
3222.04	27.7033
3222.37	27.7025
3222.7	39.7018
3223.03	29.701
3223.36	33.7002
3223.69	29.6994
3224.02	25.6986
3224.36	33.6978
3224.69	25.6971
3225.02	23.6963
3225.35	39.6955
3225.68	25.6947
3226.01	29.694
3226.34	41.6932
3226.67	29.6924
3227	31.6916
3227.33	31.6908
3227.66	29.6901
3227.99	29.6893
3228.32	37.6885
3228.65	25.6877
3228.98	37.6869
3229.31	35.6862
3229.64	23.6854
3229.97	33.6846
3230.3	25.6838
3230.63	21.683
3230.96	35.6823
3231.29	27.6815
3231.62	31.6807
3231.95	35.6799
3232.29	29.6791
3232.61	23.6784
3232.94	35.6776
3233.28	23.6768
3233.6	31.676
3233.93	29.6752
3234.27	19.6745
3234.59	31.6737
3234.92	29.6729
3235.25	21.6721
3235.58	37.6713
3235.91	33.6706
3236.24	25.6698
3236.57	27.669
3236.9	31.6682
3237.23	25.6674
3237.56	31.6667
3237.89	21.6659
3238.22	25.6651
3238.55	39.6643
3238.88	25.6635
3239.21	29.6628
3239.54	31.662
3239.87	27.6612
3240.2	29.6604
3240.53	33.6596
3240.86	25.6589
3241.19	29.6581
3241.52	39.6573
3241.85	23.6565
3242.18	31.6557
3242.51	23.655
3242.84	25.6542
3243.17	37.6534
3243.49	29.6526
3243.82	29.6518
3244.15	39.6511
3244.48	27.6503
3244.81	35.6495
3245.14	31.6487
3245.47	23.6479
3245.8	31.6472
3246.13	35.6464
3246.46	23.6456
3246.79	39.6448
3247.12	31.644
3247.44	25.6433
3247.77	37.6425
3248.1	19.6417
3248.43	29.6409
3248.76	31.6401
3249.09	27.6394
3249.42	31.6386
3249.75	31.6378
3250.08	29.637
3250.41	33.6362
3250.73	27.6355
3251.06	27.6347
3251.39	31.6339
3251.72	37.6331
3252.05	31.6323
3252.38	25.6316
3252.71	21.6308
3253.03	27.63
3253.36	37.6292
3253.69	29.6284
3254.02	31.6277
3254.35	35.6269
3254.68	23.6261
3255.01	27.6253
3255.34	35.6245
3255.66	25.6238
3255.99	31.623
3256.32	29.6222
3256.65	29.6214
3256.98	29.6206
3257.3	35.6199
3257.63	27.6191
3257.96	29.6183
3258.29	31.6175
3258.62	27.6167
3258.95	37.616
3259.28	29.6152
3259.6	29.6144
3259.93	29.6136
3260.26	25.6128
3260.59	29.6121
3260.92	39.6113
3261.24	29.6105
3261.57	37.6097
3261.9	31.6089
3262.23	27.6082
3262.56	27.6074
3262.88	31.6066
3263.21	23.6058
3263.54	35.605
3263.87	25.6043
3264.2	19.6035
3264.52	33.6027
3264.85	29.6019
3265.18	31.6011
3265.51	37.6004
3265.83	23.5996
3266.16	37.5988
3266.49	27.598
3266.82	19.5972
3267.15	35.5965
3267.47	27.5957
3267.8	27.5949
3268.13	31.5941
3268.46	23.5933
3268.78	33.5926
3269.11	37.5918
3269.44	29.591
3269.77	29.5902
3270.09	35.5894
3270.42	23.5887
3270.75	39.5879
3271.08	29.5871
3271.4	27.5863
3271.73	31.5855
3272.06	29.5848
3272.38	23.584
3272.71	37.5832
3273.04	29.5824
3273.37	25.5816
3273.69	35.5809
3274.02	25.5801
3274.35	23.5793
3274.68	37.5785
3275	29.5777
3275.33	29.577
3275.66	29.5762
3275.98	25.5754
3276.31	35.5746
3276.64	29.5738
3276.96	29.5731
3277.29	31.5723
3277.62	29.5715
3277.95	23.5707
3278.27	33.5699
3278.6	27.5692
3278.93	29.5684
3279.25	31.5676
3279.58	31.5668
3279.91	33.566
3280.23	29.5653
3280.56	33.5645
3280.89	33.5637
3281.21	29.5629
3281.54	23.5621
3281.87	31.5614
3282.19	29.5606
3282.52	29.5598
3282.85	33.559
3283.17	25.5582
3283.5	25.5575
3283.83	35.5567
3284.15	29.5559
3284.48	33.5551
3284.8	27.5543
3285.13	31.5536
3285.46	43.5528
3285.78	25.552
3286.11	33.5512
3286.44	31.5505
3286.76	27.5497
3287.09	29.5489
3287.42	35.5481
3287.74	29.5473
3288.07	37.5466
3288.39	27.5458
3288.72	33.545
3289.05	31.5442
3289.37	25.5434
3289.7	27.5427
3290.02	43.5419
3290.35	27.5411
3290.68	23.5403
3291	35.5395
3291.33	29.5388
3291.65	39.538
3291.98	33.5372
3292.31	27.5364
3292.63	31.5356
3292.96	25.5349
3293.28	35.5341
3293.61	33.5333
3293.93	23.5325
3294.26	29.5317
3294.59	33.531
3294.91	29.5302
3295.24	35.5294
3295.56	31.5286
3295.89	25.5278
3296.22	31.5271
3296.54	25.5263
3296.87	35.5255
3297.19	37.5247
3297.52	25.5239
3297.84	29.5232
3298.17	27.5224
3298.49	33.5216
3298.82	37.5208
3299.14	31.52
3299.47	25.5193
3299.8	29.5185
3300.12	31.5177
3300.45	31.5169
3300.77	25.5161
3301.1	29.5154
3301.42	31.5146
3301.75	37.5138
3302.07	31.513
3302.4	33.5122
3302.72	27.5115
3303.05	27.5107
3303.37	31.5099
3303.7	31.5091
3304.02	27.5083
3304.35	29.5076
3304.67	29.5068
3305	33.506
3305.32	29.5052
3305.65	31.5044
3305.97	29.5037
3306.3	31.5029
3306.62	27.5021
3306.95	33.5013
3307.27	23.5005
3307.6	29.4998
3307.92	33.499
3308.25	33.4982
3308.57	31.4974
3308.9	27.4966
3309.22	33.4959
3309.54	31.4951
3309.87	33.4943
3310.19	33.4935
3310.52	37.4927
3310.84	29.492
3311.17	25.4912
3311.49	27.4904
3311.82	27.4896
3312.14	27.4888
3312.47	31.4881
3312.79	29.4873
3313.11	37.4865
3313.44	29.4857
3313.76	29.4849
3314.09	33.4842
3314.41	29.4834
3314.74	29.4826
3315.06	27.4818
3315.39	33.481
3315.71	27.4803
3316.03	29.4795
3316.36	33.4787
3316.68	33.4779
3317.01	37.4771
3317.33	31.4764
3317.65	33.4756
3317.98	27.4748
3318.3	29.474
3318.63	23.4732
3318.95	27.4725
3319.27	33.4717
3319.6	31.4709
3319.92	39.4701
3320.25	33.4693
3320.57	37.4686
3320.89	33.4678
3321.22	29.467
3321.54	31.4662
3321.87	27.4654
3322.19	29.4647
3322.51	31.4639
3322.84	33.4631
3323.16	33.4623
3323.48	31.4615
3323.81	27.4608
3324.13	33.46
3324.46	31.4592
3324.78	29.4584
3325.1	29.4576
3325.43	33.4569
3325.75	23.4561
3326.07	33.4553
3326.4	35.4545
3326.72	25.4537
3327.04	31.453
3327.37	29.4522
3327.69	25.4514
3328.01	33.4506
3328.34	35.4498
3328.66	29.4491
3328.98	33.4483
3329.31	31.4475
3329.63	27.4467
3329.95	33.4459
3330.28	27.4452
3330.6	27.4444
3330.92	29.4436
3331.25	33.4428
3331.57	25.442
3331.89	29.4413
3332.21	27.4405
3332.54	29.4397
3332.86	33.4389
3333.18	31.4381
3333.51	29.4374
3333.83	29.4366
3334.15	37.4358
3334.48	33.435
3334.8	29.4342
3335.12	31.4335
3335.44	39.4327
3335.77	39.4319
3336.09	23.4311
3336.41	33.4303
3336.74	35.4296
3337.06	25.4288
3337.38	33.428
3337.7	23.4272
3338.03	39.4264
3338.35	33.4257
3338.67	23.4249
3338.99	37.4241
3339.32	33.4233
3339.64	33.4225
3339.96	35.4218
3340.28	25.421
3340.61	29.4202
3340.93	29.4194
3341.25	29.4186
3341.57	29.4179
3341.9	27.4171
3342.22	29.4163
3342.54	27.4155
3342.86	27.4147
3343.19	27.414
3343.51	29.4132
3343.83	39.4124
3344.15	29.4116
3344.48	37.4109
3344.8	29.4101
3345.12	27.4093
3345.44	31.4085
3345.76	25.4077
3346.08	27.4069
3346.41	29.4062
3346.73	23.4054
3347.05	33.4046
3347.37	37.4038
3347.69	31.403
3348.02	31.4023
3348.34	33.4015
3348.66	29.4007
3348.98	31.3999
3349.3	33.3992
3349.63	27.3984
3349.95	37.3976
3350.27	23.3968
3350.59	25.396
3350.91	37.3953
3351.23	27.3945
3351.56	35.3937
3351.88	33.3929
3352.2	25.3921
3352.52	37.3914
3352.84	31.3906
3353.17	23.3898
3353.49	37.389
3353.81	27.3882
3354.13	25.3875
3354.45	31.3867
3354.77	23.3859
3355.09	27.3851
3355.42	39.3843
3355.74	25.3836
3356.06	31.3828
3356.38	39.382
3356.7	25.3812
3357.02	23.3804
3357.34	25.3797
3357.66	21.3789
3357.99	27.3781
3358.31	35.3773
3358.63	29.3765
3358.95	33.3758
3359.27	25.375
3359.59	39.3742
3359.91	39.3734
3360.23	27.3726
3360.55	29.3719
3360.88	39.3711
3361.2	23.3703
3361.52	31.3695
3361.84	33.3687
3362.16	31.368
3362.48	35.3672
3362.8	27.3664
3363.12	31.3656
3363.44	29.3648
3363.76	17.3641
3364.09	31.3633
3364.41	35.3625
3364.73	23.3617
3365.05	33.3609
3365.37	37.3602
3365.69	19.3594
3366.01	29.3586
3366.33	31.3578
3366.65	27.357
3366.97	35.3563
3367.29	31.3555
3367.61	27.3547
3367.93	41.3539
3368.25	29.3531
3368.57	27.3524
3368.89	45.3516
3369.22	21.3508
3369.53	31.35
3369.86	31.3492
3370.18	27.3485
3370.5	41.3477
3370.82	29.3469
3371.14	19.3461
3371.46	39.3453
3371.78	31.3446
3372.1	35.3438
3372.42	37.343
3372.74	23.3422
3373.06	29.3414
3373.38	37.3407
3373.7	19.3399
3374.02	35.3391
3374.34	27.3383
3374.66	21.3375
3374.98	37.3368
3375.3	31.336
3375.62	19.3352
3375.94	35.3344
3376.26	33.3336
3376.58	23.3329
3376.9	31.3321
3377.22	25.3313
3377.54	29.3305
3377.86	35.3297
3378.18	29.329
3378.5	35.3282
3378.82	35.3274
3379.14	25.3266
3379.46	31.3258
3379.78	33.3251
3380.1	33.3243
3380.42	33.3235
3380.74	31.3227
3381.05	21.3219
3381.37	33.3212
3381.69	23.3204
3382.01	27.3196
3382.33	33.3188
3382.65	33.318
3382.97	27.3173
3383.29	39.3165
3383.61	29.3157
3383.93	37.3149
3384.25	33.3141
3384.57	27.3134
3384.89	23.3126
3385.21	31.3118
3385.53	27.311
3385.85	31.3102
3386.17	33.3095
3386.48	23.3087
3386.8	35.3079
3387.12	33.3071
3387.44	29.3063
3387.76	35.3056
3388.08	29.3048
3388.4	25.304
3388.72	33.3032
3389.04	29.3024
3389.36	29.3017
3389.68	35.3009
3389.99	29.3001
3390.31	33.2993
3390.63	37.2985
3390.95	25.2978
3391.27	31.297
3391.59	35.2962
3391.91	21.2954
3392.23	35.2946
3392.55	27.2939
3392.86	25.2931
3393.18	31.2923
3393.5	27.2915
3393.82	25.2907
3394.14	35.29
3394.46	33.2892
3394.78	25.2884
3395.09	33.2876
3395.41	15.2868
3395.73	29.2861
3396.05	27.2853
3396.37	25.2845
3396.69	31.2837
3397.01	29.2829
3397.32	29.2822
3397.64	35.2814
3397.96	31.2806
3398.28	27.2798
3398.6	31.279
3398.92	29.2783
3399.23	21.2775
3399.55	29.2767
3399.87	31.2759
3400.19	25.2751
3400.51	33.2744
3400.83	23.2736
3401.14	31.2728
3401.46	33.272
3401.78	33.2712
3402.1	29.2705
3402.42	27.2697
3402.73	29.2689
3403.05	33.2681
3403.37	25.2673
3403.69	23.2666
3404.01	33.2658
3404.32	25.265
3404.64	33.2642
3404.96	25.2634
3405.28	25.2627
3405.6	29.2619
3405.91	33.2611
3406.23	25.2603
3406.55	27.2595
3406.87	33.2588
3407.19	29.258
3407.5	33.2572
3407.82	31.2564
3408.14	25.2556
3408.46	39.2549
3408.77	31.2541
3409.09	21.2533
3409.41	31.2525
3409.73	19.2517
3410.04	31.251
3410.36	37.2502
3410.68	25.2494
3411	39.2486
3411.31	35.2478
3411.63	23.2471
3411.95	27.2463
3412.26	35.2455
3412.58	25.2447
3412.9	33.2439
3413.22	33.2432
3413.54	37.2424
3413.85	37.2416
3414.17	27.2408
3414.49	29.24
3414.8	41.2393
3415.12	31.2385
3415.44	33.2377
3415.76	31.2369
3416.07	27.2361
3416.39	27.2354
3416.71	33.2346
3417.02	27.2338
3417.34	39.233
3417.66	19.2323
3417.97	29.2315
3418.29	31.2307
3418.61	27.2299
3418.93	33.2291
3419.24	25.2284
3419.56	31.2276
3419.88	33.2268
3420.19	33.226
3420.51	29.2252
3420.83	33.2245
3421.14	33.2237
3421.46	27.2229
3421.78	37.2221
3422.09	35.2213
3422.41	29.2206
3422.73	33.2198
3423.04	29.219
3423.36	35.2182
3423.68	27.2174
3423.99	29.2167
3424.31	31.2159
3424.63	35.2151
3424.94	29.2143
3425.26	31.2135
3425.58	27.2128
3425.89	31.212
3426.21	33.2112
3426.52	35.2104
3426.84	25.2096
3427.16	33.2089
3427.47	27.2081
3427.79	25.2073
3428.11	33.2065
3428.42	21.2057
3428.74	27.205
3429.05	27.2042
3429.37	25.2034
3429.69	33.2026
3430	27.2018
3430.32	29.2011
3430.63	37.2003
3430.95	29.1995
3431.27	33.1987
3431.58	37.1979
3431.9	25.1972
3432.21	29.1964
3432.53	35.1956
3432.85	23.1948
3433.16	33.194
3433.48	33.1933
3433.79	27.1925
3434.11	31.1917
3434.43	25.1909
3434.74	25.1901
3435.06	35.1894
3435.37	23.1886
3435.69	29.1878
3436	25.187
3436.32	29.1862
3436.63	35.1855
3436.95	29.1847
3437.27	25.1839
3437.58	35.1831
3437.9	33.1823
3438.21	31.1816
3438.53	29.1808
3438.84	27.18
3439.16	31.1792
3439.48	27.1784
3439.79	27.1777
3440.11	29.1769
3440.42	33.1644
3440.74	29.1674
3441.05	35.0174
3441.37	27.3463
3441.68	33.2077
3442	29.4394
3442.31	29.2898
3442.63	32.5473
3442.94	30.5913
3443.26	29.4027
3443.57	38.3346
3443.89	30.5609
3444.2	30.4617
3444.52	28.741
3444.83	28.4138
3445.15	29.9561
3445.46	32.2212
3445.78	31.236
3446.09	32.4657
3446.41	32.8244
3446.72	29.825
3447.04	35.8897
3447.35	31.558
3447.67	30.0595
3447.98	28.3701
3448.3	29.1967
3448.61	32.6432
3448.93	33.1804
3449.24	29.0201
3449.56	37.0982
3449.87	31.7837
3450.19	22.8243
3450.5	31.6518
3450.81	32.2943
3451.13	30.1558
3451.44	29.5445
3451.76	27.7949
3452.07	31.5549
3452.39	33.0563
3452.7	31.4415
3453.02	30.1924
3453.33	27.5792
3453.65	31.2911
3453.96	32.9358
3454.27	29.3387
3454.59	30.1083
3454.9	25.2504
3455.22	32.9455
3455.53	39.4346
3455.85	30.7732
3456.16	26.3167
3456.47	33.0438
3456.79	29.5506
3457.1	31.6646
3457.42	36.5196
3457.73	30.858
3458.05	30.0704
3458.36	31.562
3458.67	31.8746
3458.99	34.8473
3459.3	33.1104
3459.62	31.6809
3459.93	30.0686
3460.24	28.0685
3460.56	27.8062
3460.87	30.012
3461.19	33.7886
3461.5	32.8635
3461.81	30.0677
3462.13	28.9187
3462.44	30.2864
3462.75	29.8596
3463.07	31.1164
3463.38	26.528
3463.7	28.3469
3464.01	33.189
3464.32	35.2938
3464.64	29.9753
3464.95	27.1428
3465.26	29.7512
3465.58	31.1537
3465.89	33.6782
3466.2	35.7425
3466.52	32.1685
3466.83	32.5595
3467.14	30.9953
3467.46	30.5828
3467.77	29.2422
3468.08	30.8739
3468.4	34.4571
3468.71	31.6562
3469.02	30.3423
3469.34	28.6453
3469.65	29.6402
3469.96	33.194
3470.28	33.8474
3470.59	29.6638
3470.85	24.8109
3471.17	34.8096
3471.48	32.8083
3471.8	30.807
3472.12	30.8056
3472.44	26.8043
3472.76	40.803
3473.07	38.8016
3473.39	22.8003
3473.71	36.799
3474.03	30.7976
3474.34	24.7963
3474.66	30.795
3474.98	28.7936
3475.3	32.7923
3475.61	30.791
3475.93	22.7897
3476.25	32.7883
3476.57	36.787
3476.88	28.7857
3477.2	34.7843
3477.52	30.783
3477.83	24.7817
3478.15	30.7803
3478.47	30.779
3478.79	28.7777
3479.1	36.7763
3479.42	36.775
3479.74	24.7737
3480.06	34.7724
3480.37	30.771
3480.69	28.7697
3481.01	42.7684
3481.32	22.767
3481.64	32.7657
3481.96	30.7644
3482.28	22.763
3482.59	26.7617
3482.91	36.7604
3483.23	24.759
3483.54	32.7577
3483.86	38.7564
3484.18	24.755
3484.49	48.7537
3484.81	36.7524
3485.13	24.7511
3485.45	32.7497
3485.76	26.7484
3486.08	26.7471
3486.39	36.7457
3486.71	34.7444
3487.03	22.7431
3487.35	30.7417
3487.66	24.7404
3487.98	28.7391
3488.29	26.7377
3488.61	24.7364
3488.93	32.7351
3489.24	32.7338
3489.56	24.7324
3489.88	36.7311
3490.19	24.7298
3490.51	28.7284
3490.83	30.7271
3491.14	32.7258
3491.46	32.7244
3491.78	24.7231
3492.09	32.7218
3492.41	30.7204
3492.73	32.7191
3493.04	26.7178
3493.36	30.7165
3493.67	38.7151
3493.99	24.7138
3494.31	22.7125
3494.62	30.7111
3494.94	28.7098
3495.25	34.7085
3495.57	36.7071
3495.89	24.7058
3496.2	28.7045
3496.52	34.7031
3496.83	26.7018
3497.15	28.7005
3497.47	26.6992
3497.78	34.6978
3498.1	38.6965
3498.42	26.6952
3498.73	30.6938
3499.05	36.6925
3499.36	30.6912
3499.68	30.6898
3499.99	36.6885
3500.31	20.6872
3500.62	34.6858
3500.94	22.6845
3501.26	22.6832
3501.57	34.6819
3501.89	24.6805
3502.2	30.6792
3502.52	32.6779
3502.83	24.6765
3503.15	30.6752
3503.47	34.6739
3503.78	20.6725
3504.1	32.6712
3504.41	32.6699
3504.73	26.6685
3505.04	32.6672
3505.36	36.6659
3505.67	22.6646
3505.99	40.6632
3506.3	24.6619
3506.62	28.6606
3506.94	34.6592
3507.25	26.6579
3507.57	28.6566
3507.88	34.6552
3508.2	26.6539
3508.51	34.6526
3508.83	34.6512
3509.14	26.6499
3509.46	28.6486
3509.77	30.6473
3510.09	22.6459
3510.4	30.6446
3510.72	30.6433
3511.03	24.6419
3511.35	32.6406
3511.66	22.6393
3511.98	34.6379
3512.29	28.6366
3512.61	30.6353
3512.92	28.6339
3513.24	26.6326
3513.55	24.6313
3513.87	38.63
3514.18	36.6286
3514.5	26.6273
3514.81	32.626
3515.13	38.6246
3515.44	30.6233
3515.76	32.622
3516.07	34.6206
3516.39	26.6193
3516.7	32.618
3517.01	34.6166
3517.33	24.6153
3517.64	34.614
3517.96	30.6126
3518.27	32.6113
3518.59	34.61
3518.9	28.6087
3519.22	28.6073
3519.53	36.606
3519.84	26.6047
3520.16	32.6033
3520.47	30.602
3520.79	26.6007
3521.1	36.5993
3521.42	32.598
3521.73	28.5967
3522.04	40.5953
3522.36	30.594
3522.67	24.5927
3522.99	40.5914
3523.3	26.59
3523.62	30.5887
3523.93	36.5874
3524.24	28.586
3524.56	36.5847
3524.87	36.5834
3525.19	20.582
3525.5	40.5807
3525.81	26.5794
3526.13	16.578
3526.44	34.5767
3526.76	26.5754
3527.07	34.5741
3527.38	32.5727
3527.7	22.5714
3528.01	38.5701
3528.33	32.5687
3528.64	28.5674
3528.95	36.5661
3529.27	36.5647
3529.58	22.5634
3529.89	36.5621
3530.21	28.5607
3530.52	28.5594
3530.83	32.5581
3531.15	26.5568
3531.46	30.5554
3531.78	36.5541
3532.09	26.5528
3532.4	34.5514
3532.72	28.5501
3533.03	24.5488
3533.34	38.5474
3533.66	34.5461
3533.97	26.5448
3534.28	38.5434
3534.6	24.5421
3534.91	26.5408
3535.22	32.5395
3535.54	30.5381
3535.85	34.5368
3536.16	36.5355
3536.48	28.5341
3536.79	34.5328
3537.1	32.5315
3537.42	18.5301
3537.73	36.5288
3538.04	28.5275
3538.36	26.5261
3538.67	36.5248
3538.98	30.5235
3539.29	30.5222
3539.61	32.5208
3539.92	24.5195
3540.23	34.5182
3540.55	32.5168
3540.86	30.5155
3541.17	34.5142
3541.49	24.5128
3541.8	32.5115
3542.11	42.5102
3542.42	24.5088
3542.74	32.5075
3543.05	34.5062
3543.36	24.5049
3543.68	24.5035
3543.99	26.5022
3544.3	28.5009
3544.61	40.4995
3544.93	24.4982
3545.24	26.4969
3545.55	30.4955
3545.86	38.4942
3546.18	28.4929
3546.49	32.4915
3546.8	26.4902
3547.11	28.4889
3547.43	34.4876
3547.74	28.4862
3548.05	30.4849
3548.36	28.4836
3548.68	28.4822
3548.99	30.4809
3549.3	28.4796
3549.61	28.4782
3549.93	36.4769
3550.24	32.4756
3550.55	32.4742
3550.86	30.4729
3551.18	22.4716
3551.49	26.4703
3551.8	28.4689
3552.11	28.4676
3552.42	30.4663
3552.74	26.4649
3553.05	30.4636
3553.36	34.4623
3553.67	36.4609
3553.98	34.4596
3554.3	30.4583
3554.61	30.4569
3554.92	28.4556
3555.23	30.4543
3555.54	30.453
3555.86	32.4516
3556.17	28.4503
3556.48	34.449
3556.79	30.4476
3557.1	34.4463
3557.41	38.445
3557.73	30.4436
3558.04	36.4423
3558.35	32.441
3558.66	26.4396
3558.97	34.4383
3559.29	32.437
3559.6	28.4356
3559.91	32.4343
3560.22	30.433
3560.53	32.4317
3560.84	26.4303
3561.15	28.429
3561.47	36.4277
3561.78	30.4263
3562.09	36.425
3562.4	34.4237
3562.71	30.4223
3563.02	32.421
3563.33	26.4197
3563.65	32.4183
3563.96	28.417
3564.27	30.4157
3564.58	30.4144
3564.89	32.413
3565.2	30.4117
3565.51	28.4104
3565.82	38.409
3566.14	30.4077
3566.45	28.4064
3566.76	36.405
3567.07	34.4037
3567.38	30.4024
3567.69	32.4011
3568	34.3997
3568.31	30.3984
3568.62	32.3971
3568.94	30.3957
3569.25	34.3944
3569.56	30.3931
3569.87	32.3917
3570.18	30.3904
3570.49	24.3891
3570.8	28.3877
3571.11	26.3864
3571.42	24.3851
3571.73	30.3837
3572.04	30.3824
3572.35	28.3811
3572.67	32.3798
3572.98	30.3784
3573.29	32.3771
3573.6	28.3758
3573.91	34.3744
3574.22	32.3731
3574.53	30.3718
3574.84	32.3704
3575.15	28.3691
3575.46	36.3678
3575.77	28.3664
3576.08	36.3651
3576.39	38.3638
3576.7	26.3625
3577.01	32.3611
3577.32	28.3598
3577.63	26.3585
3577.94	28.3571
3578.25	28.3558
3578.56	28.3545
3578.88	36.3531
3579.19	26.3518
3579.5	30.3505
3579.81	32.3491
3580.12	24.3478
3580.43	30.3465
3580.74	36.3452
3581.05	28.3438
3581.36	42.3425
3581.67	34.3412
3581.98	28.3398
3582.29	34.3385
3582.6	28.3372
3582.91	30.3358
3583.22	26.3345
3583.53	30.3332
3583.84	32.3318
3584.15	26.3305
3584.46	32.3292
3584.77	36.3279
3585.08	30.3265
3585.39	32.3252
3585.7	22.3239
3586.01	26.3225
3586.32	36.3212
3586.63	34.3199
3586.93	32.3185
3587.25	32.3172
3587.55	24.3159
3587.86	32.3145
3588.17	32.3132
3588.48	26.3119
3588.79	30.3106
3589.1	34.3092
3589.41	32.3079
3589.72	28.3066
3590.03	26.3052
3590.34	32.3039
3590.65	32.3026
3590.96	26.3012
3591.27	30.2999
3591.58	28.2986
3591.89	28.2972
3592.2	30.2959
3592.51	30.2946
3592.82	32.2933
3593.12	36.2919
3593.43	32.2906
3593.74	30.2893
3594.05	30.2879
3594.36	28.2866
3594.67	32.2853
3594.98	26.2839
3595.29	26.2826
3595.6	22.2813
3595.91	32.2799
3596.22	30.2786
3596.53	30.2773
3596.83	34.276
3597.14	26.2746
3597.45	36.2733
3597.76	26.272
3598.07	28.2706
3598.38	32.2693
3598.69	26.268
3599	34.2666
3599.31	36.2653
3599.61	24.264
3599.92	32.2626
3600.23	32.2613
3600.54	32.26
3600.85	38.2586
3601.16	30.2573
3601.47	28.256
3601.78	30.2547
3602.08	28.2533
3602.39	28.252
3602.7	22.2507
3603.01	32.2493
3603.32	28.248
3603.63	34.2467
3603.94	32.2453
3604.24	40.244
3604.55	24.2427
3604.86	30.2414
3605.17	36.24
3605.48	32.2387
3605.79	34.2374
3606.1	24.236
3606.4	30.2347
3606.71	28.2334
3607.02	22.232
3607.33	28.2307
3607.64	32.2294
3607.95	24.228
3608.25	34.2267
3608.56	32.2254
3608.87	32.224
3609.18	36.2227
3609.49	28.2214
3609.79	34.2201
3610.1	34.2187
3610.41	28.2174
3610.72	30.2161
3611.03	28.2147
3611.33	32.2134
3611.64	32.2121
3611.95	34.2107
3612.26	24.2094
3612.57	30.2081
3612.87	26.2067
3613.18	30.2054
3613.49	36.2041
3613.8	26.2028
3614.1	28.2014
3614.41	32.2001
3614.72	28.1988
3615.03	30.1974
3615.34	24.1961
3615.64	32.1948
3615.95	36.1934
3616.26	34.1921
3616.57	24.1908
3616.87	40.1894
3617.18	32.1881
3617.49	32.1868
3617.8	38.1855
3618.1	26.1841
3618.41	30.1828
3618.72	28.1815
3619.03	26.1801
3619.34	38.1788
3619.64	34.1775
3619.95	24.1761
3620.26	40.1748
3620.56	32.1735
3620.87	26.1721
3621.18	42.1708
3621.49	26.1695
3621.79	30.1682
3622.1	34.1668
3622.41	26.1655
3622.72	26.1642
3623.02	38.1628
3623.33	24.1615
3623.64	30.1602
3623.94	32.1588
3624.25	30.1575
3624.56	32.1562
3624.87	36.1548
3625.17	28.1535
3625.48	40.1522
3625.79	32.1509
3626.09	26.1495
3626.4	40.1482
3626.71	30.1469
3627.01	30.1455
3627.32	36.1442
3627.63	26.1429
3627.93	36.1415
3628.24	30.1402
3628.55	30.1389
3628.85	34.1375
3629.16	36.1362
3629.47	20.1349
3629.78	38.1336
3630.08	34.1322
3630.39	20.1309
3630.69	34.1296
3631	34.1282
3631.31	24.1269
3631.61	36.1256
3631.92	28.1242
3632.23	34.1229
3632.54	30.1216
3632.84	28.1202
3633.15	32.1189
3633.45	32.1176
3633.76	28.1163
3634.07	38.1149
3634.37	30.1136
3634.68	28.1123
3634.99	34.1109
3635.29	24.1096
3635.6	28.1083
3635.91	38.1069
3636.21	32.1056
3636.52	32.1043
3636.82	34.1029
3637.13	30.1016
3637.44	28.1003
3637.74	36.0989
3638.05	32.0976
3638.35	34.0963
3638.66	42.095
3638.97	28.0936
3639.27	34.0923
3639.58	32.091
3639.88	24.0896
3640.19	42.0883
3640.5	26.087
3640.8	20.0856
3641.11	36.0843
3641.41	36.083
3641.72	26.0816
3642.03	36.0803
3642.33	26.079
3642.64	34.0777
3642.94	36.0763
3643.25	22.075
3643.56	32.0737
3643.86	30.0723
3644.17	30.071
3644.47	34.0697
3644.78	32.0683
3645.08	28.067
3645.39	34.0657
3645.69	32.0643
3646	22.063
3646.31	40.0617
3646.61	30.0604
3646.92	24.059
3647.22	38.0577
3647.53	22.0564
3647.83	30.055
3648.14	42.0537
3648.44	30.0524
3648.75	32.051
3649.05	38.0497
3649.36	34.0484
3649.67	36.0471
3649.97	36.0457
3650.28	24.0444
3650.58	32.0431
3650.89	32.0417
3651.19	22.0404
3651.5	38.0391
3651.8	26.0377
3652.11	34.0364
3652.41	32.0351
3652.72	26.0337
3653.02	30.0324
3653.33	26.0311
3653.63	30.0297
3653.94	28.0284
3654.24	40.0271
3654.55	28.0258
3654.85	36.0244
3655.16	30.0231
3655.46	28.0218
3655.77	32.0204
3656.07	30.0191
3656.38	32.0178
3656.68	40.0164
3656.99	32.0151
3657.29	26.0138
3657.6	38.0124
3657.9	26.0111
3658.2	34.0098
3658.51	30.0085
3658.81	32.0071
3659.12	30.0058
3659.42	32.0045
3659.73	28.0031
3660.03	40.0018
3660.34	28.0005
3660.64	21.9991
3660.95	29.9978
3661.25	23.9965
3661.56	29.9951
3661.86	29.9938
3662.16	35.9925
3662.47	29.9912
3662.77	35.9898
3663.08	23.9885
3663.38	33.9872
3663.69	33.9858
3663.99	29.9845
3664.29	39.9832
3664.6	29.9818
3664.9	27.9805
3665.21	35.9792
3665.51	27.9778
3665.82	29.9765
3666.12	29.9752
3666.42	21.9739
3666.73	29.9725
3667.03	35.9712
3667.34	23.9699
3667.64	35.9685
3667.94	33.9672
3668.25	27.9659
3668.55	33.9645
3668.86	31.9632
3669.16	25.9619
3669.46	37.9605
3669.77	29.9592
3670.07	27.9579
3670.38	33.9566
3670.68	23.9552
3670.98	29.9539
3671.29	27.9526
3671.59	33.9512
3671.89	35.9499
3672.2	39.9486
3672.5	25.9472
3672.81	37.9459
3673.11	23.9446
3673.41	31.9432
3673.72	33.9419
3674.02	27.9406
3674.32	29.9393
3674.63	25.9379
3674.93	19.9366
3675.23	27.9353
3675.54	35.9339
3675.84	25.9326
3676.14	37.9313
3676.45	29.9299
3676.75	29.9286
3677.05	35.9273
3677.36	25.9259
3677.66	27.9246
3677.96	37.9233
3678.27	27.9219
3678.57	25.9206
3678.88	31.9193
3679.18	29.918
3679.48	33.9166
3679.78	35.9153
3680.09	27.914
3680.39	35.9126
3680.69	29.9113
3681	31.91
3681.3	29.9086
3681.6	27.9073
3681.91	29.906
3682.21	33.9046
3682.51	17.9033
3682.81	33.902
3683.12	35.9007
3683.42	31.8993
3683.72	31.898
3684.03	31.8967
3684.33	35.8953
3684.63	23.894
3684.93	27.8927
3685.24	27.8913
3685.54	27.89
3685.84	29.8887
3686.15	29.8873
3686.45	25.886
3686.75	35.8847
3687.05	31.8834
3687.36	29.882
3687.66	27.8807
3687.96	31.8794
3688.26	33.878
3688.57	23.8767
3688.87	29.8754
3689.17	19.874
3689.47	31.8727
3689.78	33.8714
3690.08	29.87
3690.38	31.8687
3690.68	37.8674
3690.99	35.8661
3691.29	25.8647
3691.59	25.8634
3691.89	33.8621
3692.2	37.8607
3692.5	29.8594
3692.8	29.8581
3693.1	33.8567
3693.4	33.8554
3693.71	31.8541
3694.01	27.8527
3694.31	27.8514
3694.61	33.8501
3694.92	31.8488
3695.22	29.8474
3695.52	29.8461
3695.82	25.8448
3696.12	35.8434
3696.43	25.8421
3696.73	25.8408
3697.03	33.8394
3697.33	29.8381
3697.63	33.8368
3697.94	31.8354
3698.24	27.8341
3698.54	21.8328
3698.84	31.8315
3699.14	35.8301
3699.44	23.8288
3699.75	31.8275
3700.05	31.8261
3700.35	29.8248
3700.65	31.8235
3700.95	27.8221
3701.25	29.8208
3701.56	27.8195
3701.86	39.8181
3702.16	27.8168
3702.46	29.8155
3702.76	27.8142
3703.06	37.8128
3703.37	27.8115
3703.67	21.8102
3703.97	27.8088
3704.27	31.8075
3704.57	29.8062
3704.87	27.8048
3705.17	27.8035
3705.48	35.8022
3705.78	33.8008
3706.08	37.7995
3706.38	31.7982
3706.68	25.7969
3706.98	33.7955
3707.28	23.7942
3707.58	29.7929
3707.89	27.7915
3708.19	31.7902
3708.49	33.7889
3708.79	27.7875
3709.09	31.7862
3709.39	31.7849
3709.69	37.7835
3709.99	29.7822
3710.3	27.7809
3710.6	27.7796
3710.9	27.7782
3711.2	31.7769
3711.5	29.7756
3711.8	29.7742
3712.1	35.7729
3712.4	29.7716
3712.7	31.7702
3713	31.7689
3713.3	33.7676
3713.6	37.7662
3713.91	25.7649
3714.21	27.7636
3714.51	31.7623
3714.81	29.7609
3715.11	29.7596
3715.41	35.7583
3715.71	35.7569
3716.01	33.7556
3716.31	27.7543
3716.61	23.7529
3716.91	27.7516
3717.21	29.7503
3717.51	29.7489
3717.81	29.7476
3718.11	31.7463
3718.41	31.7449
3718.72	27.7436
3719.01	33.7423
3719.32	31.741
3719.62	33.7396
3719.92	35.7383
3720.22	27.737
3720.52	21.7356
3720.82	31.7343
3721.12	27.733
3721.42	21.7316
3721.72	31.7303
3722.02	35.729
3722.32	23.7276
3722.62	33.7263
3722.92	25.725
3723.22	23.7237
3723.52	31.7223
3723.82	27.721
3724.12	27.7197
3724.42	29.7183
3724.72	29.717
3725.02	25.719
3725.32	39.5036
3725.62	31.6523
3725.92	33.5521
3726.22	37.3161
3726.52	33.5892
3726.82	26.0303
3727.12	33.173
3727.42	31.6812
3727.72	25.8739
3728.02	32.9153
3728.32	30.0535
3728.62	26.0634
3728.92	25.8542
3729.22	29.8555
3729.52	30.9267
3729.82	29.2863
3730.11	31.4825
3730.41	27.5888
3730.71	34.4058
3731.01	24.9742
3731.31	30.4045
3731.61	22.8879
3731.91	25.4088
3732.21	35.573
3732.51	26.7244
3732.81	37.4966
3733.11	30.3134
3733.41	28.6493
3733.71	33.2542
3734.01	31.5121
3734.31	27.2442
3734.61	29.0733
3734.91	29.0605
3735.21	26.7969
3735.5	27.4512
3735.8	28.5173
3736.1	31.1511
3736.4	33.7391
3736.7	25.9308
3737	31.5927
3737.3	30.387
3737.6	28.761
3737.9	32.9283
3738.2	22.6126
3738.5	26.995
3738.79	33.1061
3739.09	27.4604
3739.39	28.8106
3739.69	30.134
3739.99	27.2901
3740.29	31.5683
3740.59	28.9946
3740.89	27.2462
3741.19	33.0475
3741.48	32.8978
3741.78	26.3097
3742.08	31.8821
3742.38	30.0582
3742.68	26.5551
3742.98	29.6501
3743.28	27.1476
3743.58	28.836
3743.87	30.0859
3744.17	27.8125
3744.47	32.964
3744.77	26.414
3745.07	28.1997
3745.37	29.5275
3745.67	27.5899
3745.96	29.9575
3746.26	32.1419
3746.56	29.4426
3746.86	33.9291
3747.16	28.7571
3747.46	27.3855
3747.75	31.7398
3748.05	29.1768
3748.35	28.22
3748.65	26.2084
3748.95	28.1371
3749.25	29.1701
3749.54	29.6401
3749.84	29.7901
3750.14	29.417
3750.44	30.6219
3750.74	32.5791
3751.03	33.0814
3751.33	31.3862
3751.63	27.9278
3751.93	34.468
3752.23	33.4585
3752.52	28.2666
3752.82	32.2898
3753.12	31.5232
3753.42	29.3486
3753.72	30.3215
3754.02	28.7475
3754.31	27.4192
3754.61	34.2029
3754.91	29.4816
3755.21	28.5154
3755.5	28.5507
3755.8	27.2005
3756.1	26.1828
3756.4	29.3013
3756.62	26.3772
3756.92	32.3767
3757.22	26.3763
3757.52	26.3758
3757.83	30.3754
3758.13	30.3749
3758.43	30.3744
3758.73	26.374
3759.04	32.3735
3759.34	24.3731
3759.64	28.3726
3759.94	20.3722
3760.24	30.3717
3760.55	30.3713
3760.85	30.3708
3761.15	32.3703
3761.45	30.3699
3761.75	38.3694
3762.05	28.369
3762.36	30.3685
3762.66	26.3681
3762.96	32.3676
3763.26	28.3672
3763.56	30.3667
3763.87	30.3663
3764.17	34.3658
3764.47	30.3653
3764.77	24.3649
3765.07	30.3644
3765.37	30.364
3765.68	28.3635
3765.98	32.3631
3766.28	28.3626
3766.58	28.3622
3766.88	28.3617
3767.18	30.3612
3767.48	24.3608
3767.79	28.3603
3768.09	32.3599
3768.39	26.3594
3768.69	30.359
3768.99	34.3585
3769.29	24.3581
3769.59	32.3576
3769.9	32.3572
3770.2	28.3567
3770.5	24.3562
3770.8	32.3558
3771.1	34.3553
3771.4	26.3549
3771.7	32.3544
3772	32.354
3772.3	30.3535
3772.61	32.3531
3772.91	26.3526
3773.21	32.3521
3773.51	34.3517
3773.81	40.3512
3774.11	32.3508
3774.41	32.3503
3774.71	28.3499
3775.01	28.3494
3775.32	32.349
3775.62	24.3485
3775.92	22.3481
3776.22	30.3476
3776.52	30.3471
3776.82	28.3467
3777.12	28.3462
3777.42	28.3458
3777.72	32.3453
3778.02	28.3449
3778.32	30.3444
3778.62	30.344
3778.93	26.3435
3779.23	28.343
3779.53	30.3426
3779.83	26.3421
3780.13	34.3417
3780.43	30.3412
3780.73	28.3408
3781.03	32.3403
3781.33	24.3399
3781.63	28.3394
3781.93	36.339
3782.23	32.3385
3782.53	28.338
3782.83	38.3376
3783.13	30.3371
3783.43	26.3367
3783.73	30.3362
3784.03	32.3358
3784.33	22.3353
3784.63	30.3349
3784.93	26.3344
3785.23	32.334
3785.54	22.3335
3785.83	36.333
3786.13	28.3326
3786.44	28.3321
3786.74	38.3317
3787.03	34.3312
3787.34	32.3308
3787.64	36.3303
3787.94	38.3299
3788.24	30.3294
3788.54	28.3289
3788.84	32.3285
3789.14	30.328
3789.44	32.3276
3789.74	28.3271
3790.04	26.3267
3790.34	32.3262
3790.64	30.3258
3790.94	24.3253
3791.23	34.3248
3791.53	38.3244
3791.83	28.3239
3792.13	28.3235
3792.43	28.323
3792.73	30.3226
3793.03	28.3221
3793.33	32.3217
3793.63	28.3212
3793.93	26.3208
3794.23	32.3203
3794.53	26.3198
3794.83	30.3194
3795.13	24.3189
3795.43	32.3185
3795.73	32.318
3796.03	28.3176
3796.33	40.3171
3796.63	24.3167
3796.93	28.3162
3797.23	32.3158
3797.53	30.3153
3797.83	22.3148
3798.13	28.3144
3798.42	26.3139
3798.72	24.3135
3799.02	28.313
3799.32	24.3126
3799.62	32.3121
3799.92	38.3117
3800.22	28.3112
3800.52	30.3107
3800.82	26.3103
3801.12	26.3098
3801.42	34.3094
3801.72	30.3089
3802.01	28.3085
3802.31	32.308
3802.61	32.3076
3802.91	28.3071
3803.21	34.3066
3803.51	30.3062
3803.81	34.3057
3804.11	30.3053
3804.41	34.3048
3804.71	30.3044
3805.01	32.3039
3805.3	30.3035
3805.6	26.303
3805.9	30.3026
3806.2	30.3021
3806.5	28.3016
3806.8	34.3012
3807.1	28.3007
3807.39	30.3003
3807.69	36.2998
3807.99	28.2994
3808.29	28.2989
3808.59	34.2985
3808.89	32.298
3809.19	26.2976
3809.49	32.2971
3809.78	24.2966
3810.08	32.2962
3810.38	32.2957
3810.68	26.2953
3810.98	32.2948
3811.28	36.2944
3811.57	32.2939
3811.87	30.2935
3812.17	28.293
3812.47	32.2925
3812.77	34.2921
3813.07	26.2916
3813.36	26.2912
3813.66	36.2907
3813.96	22.2903
3814.26	32.2898
3814.56	34.2894
3814.86	18.2889
3815.15	36.2885
3815.45	36.288
3815.75	26.2875
3816.05	32.2871
3816.35	28.2866
3816.65	32.2862
3816.94	40.2857
3817.24	24.2853
3817.54	32.2848
3817.84	30.2844
3818.13	26.2839
3818.43	32.2834
3818.73	30.283
3819.03	24.2825
3819.33	40.2821
3819.62	34.2816
3819.92	24.2812
3820.22	38.2807
3820.52	26.2803
3820.82	34.2798
3821.11	36.2794
3821.41	26.2789
3821.71	32.2784
3822.01	36.278
3822.3	24.2775
3822.6	30.2771
3822.9	32.2766
3823.2	24.2762
3823.49	36.2757
3823.79	32.2753
3824.09	18.2748
3824.39	36.2743
3824.68	30.2739
3824.98	28.2734
3825.28	32.273
3825.58	26.2725
3825.88	28.2721
3826.17	32.2716
3826.47	26.2712
3826.77	42.2707
3827.06	32.2703
3827.36	26.2698
3827.66	36.2693
3827.96	24.2689
3828.25	22.2684
3828.55	44.268
3828.85	24.2675
3829.15	26.2671
3829.44	36.2666
3829.74	26.2662
3830.04	26.2657
3830.33	40.2652
3830.63	32.2648
3830.93	32.2643
3831.22	30.2639
3831.52	26.2634
3831.82	32.263
3832.12	30.2625
3832.41	30.2621
3832.71	34.2616
3833.01	28.2612
3833.3	30.2607
3833.6	34.2602
3833.9	32.2598
3834.19	24.2593
3834.49	38.2589
3834.79	26.2584
3835.08	26.258
3835.38	32.2575
3835.68	24.2571
3835.97	36.2566
3836.27	38.2561
3836.57	24.2557
3836.86	32.2552
3837.16	32.2548
3837.46	30.2543
3837.75	28.2539
3838.05	26.2534
3838.35	28.253
3838.64	36.2525
3838.94	28.2521
3839.24	28.2516
3839.53	30.2511
3839.83	24.2507
3840.13	30.2502
3840.42	36.2498
3840.72	26.2493
3841.02	26.2489
3841.31	34.2484
3841.61	30.248
3841.91	26.2475
3842.2	28.247
3842.5	30.2466
3842.79	30.2461
3843.09	36.2457
3843.39	28.2452
3843.68	30.2448
3843.98	30.2443
3844.28	36.2439
3844.57	30.2434
3844.87	24.243
3845.16	30.2425
3845.46	36.242
3845.76	22.2416
3846.05	32.2411
3846.35	38.2407
3846.64	26.2402
3846.94	34.2398
3847.24	32.2393
3847.53	22.2389
3847.83	32.2384
3848.12	30.2379
3848.42	24.2375
3848.71	38.237
3849.01	26.2366
3849.31	28.2361
3849.6	36.2357
3849.9	26.2352
3850.19	36.2348
3850.49	38.2343
3850.79	28.2339
3851.08	28.2334
3851.38	32.2329
3851.67	24.2325
3851.97	32.232
3852.26	30.2316
3852.56	30.2311
3852.85	40.2307
3853.15	26.2302
3853.45	30.2298
3853.74	32.2293
3854.04	26.2288
3854.33	26.2284
3854.63	34.2279
3854.92	32.2275
3855.22	30.227
3855.51	30.2266
3855.81	32.2261
3856.11	34.2257
3856.4	34.2252
3856.69	24.2248
3856.99	42.2243
3857.29	22.2238
3857.58	32.2234
3857.88	30.2229
3858.17	30.2225
3858.47	28.222
3858.76	32.2216
3859.06	30.2211
3859.35	28.2207
3859.65	36.2202
3859.94	26.2198
3860.24	36.2193
3860.53	32.2188
3860.83	32.2184
3861.12	32.2179
3861.42	30.2175
3861.71	34.217
3862.01	32.2166
3862.3	32.2161
3862.6	26.2157
3862.89	32.2152
3863.19	30.2147
3863.48	24.2143
3863.78	30.2138
3864.07	24.2134
3864.37	30.2129
3864.66	38.2125
3864.95	24.212
3865.25	28.2116
3865.54	30.2111
3865.84	28.2107
3866.13	28.2102
3866.43	34.2097
3866.72	22.2093
3867.02	36.2088
3867.31	26.2084
3867.61	30.2079
3867.9	32.2075
3868.2	24.207
3868.49	30.2066
3868.78	32.2061
3869.08	20.2056
3869.37	26.2052
3869.67	34.2047
3869.96	24.2043
3870.26	40.2038
3870.55	34.2034
3870.85	28.2029
3871.14	34.2025
3871.43	30.202
3871.73	32.2016
3872.02	36.2011
3872.32	22.2006
3872.61	34.2002
3872.9	34.1997
3873.2	28.1993
3873.49	40.1988
3873.79	30.1984
3874.08	30.1979
3874.38	30.1975
3874.67	36.197
3874.96	26.1965
3875.26	34.1961
3875.55	24.1956
3875.84	28.1952
3876.14	32.1947
3876.43	34.1943
3876.73	34.1938
3877.02	36.1934
3877.31	24.1929
3877.61	38.1925
3877.9	32.192
3878.2	30.1915
3878.49	34.1911
3878.78	28.1906
3879.08	30.1902
3879.37	40.1897
3879.66	24.1893
3879.96	30.1888
3880.25	34.1884
3880.54	28.1879
3880.84	30.1874
3881.13	32.187
3881.43	34.1865
3881.72	34.1861
3882.01	28.1856
3882.31	30.1852
3882.6	30.1847
3882.89	26.1843
3883.19	30.1838
3883.48	30.1834
3883.77	24.1829
3884.07	28.1824
3884.36	30.182
3884.65	30.1815
3884.95	28.1811
3885.24	32.1806
3885.53	30.1802
3885.83	34.1797
3886.12	30.1793
3886.41	24.1788
3886.71	36.1783
3887	30.1779
3887.29	32.1774
3887.59	30.177
3887.88	32.1765
3888.17	32.1761
3888.47	32.1756
3888.76	34.1752
3889.05	32.1747
3889.34	40.1743
3889.64	28.1738
3889.93	36.1733
3890.22	36.1729
3890.52	24.1724
3890.81	36.172
3891.1	28.1715
3891.39	30.1711
3891.69	30.1706
3891.98	30.1702
3892.27	28.1697
3892.57	30.1692
3892.86	28.1688
3893.15	32.1683
3893.44	32.1679
3893.74	30.1674
3894.03	32.167
3894.32	30.1665
3894.62	32.1661
3894.91	32.1656
3895.2	30.1652
3895.49	24.1647
3895.79	26.1642
3896.08	28.1638
3896.37	28.1633
3896.66	30.1629
3896.96	32.1624
3897.25	30.162
3897.54	34.1615
3897.83	30.1611
3898.13	28.1606
3898.42	34.1601
3898.71	30.1597
3899	36.1592
3899.29	24.1588
3899.59	32.1583
3899.88	32.1579
3900.17	30.1574
3900.46	26.157
3900.76	26.1565
3901.05	28.1561
3901.34	34.1556
3901.63	34.1551
3901.92	28.1547
3902.22	18.1542
3902.51	28.1538
3902.8	34.1533
3903.09	32.1529
3903.39	30.1524
3903.68	32.152
3903.97	28.1515
3904.26	32.1511
3904.55	28.1506
3904.85	26.1501
3905.14	26.1497
3905.43	34.1492
3905.72	34.1488
3906.01	26.1483
3906.3	34.1479
3906.6	24.1474
3906.89	32.147
3907.18	32.1465
3907.47	26.146
3907.76	32.1456
3908.05	32.1451
3908.35	28.1447
3908.64	28.1442
3908.93	32.1438
3909.22	30.1433
3909.51	26.1429
3909.8	30.1424
3910.1	24.142
3910.39	28.1415
3910.68	32.141
3910.97	28.1406
3911.26	32.1401
3911.55	28.1397
3911.85	36.1392
3912.14	30.1388
3912.43	34.1383
3912.72	28.1379
3913.01	28.1374
3913.3	30.1369
3913.59	30.1365
3913.88	30.136
3914.18	24.1356
3914.47	34.1351
3914.76	30.1347
3915.05	32.1342
3915.34	36.1338
3915.63	30.1333
3915.92	28.1329
3916.21	30.1324
3916.51	28.1319
3916.8	30.1315
3917.09	32.131
3917.38	32.1306
3917.67	30.1301
3917.96	30.1297
3918.25	30.1292
3918.54	22.1288
3918.83	34.1283
3919.12	32.1278
3919.42	30.1274
3919.71	32.1269
3920	30.1265
3920.29	32.126
3920.58	32.1256
3920.87	32.1251
3921.16	26.1247
3921.45	28.1242
3921.74	28.1238
3922.03	24.1233
3922.32	30.1228
3922.61	32.1224
3922.9	28.1219
3923.19	32.1215
3923.49	32.121
3923.78	28.1206
3924.07	34.1201
3924.36	34.1197
3924.65	26.1192
3924.94	30.1187
3925.23	32.1183
3925.52	26.1178
3925.81	32.1174
3926.1	32.1169
3926.39	36.1165
3926.68	30.116
3926.97	28.1156
3927.26	26.1151
3927.55	30.1147
3927.84	28.1142
3928.13	30.1137
3928.42	30.1133
3928.71	32.1128
3929	36.1124
3929.29	30.1119
3929.58	34.1115
3929.87	32.111
3930.16	30.1106
3930.45	32.1101
3930.75	34.1096
3931.03	26.1092
3931.32	36.1087
3931.61	32.1083
3931.9	32.1078
3932.19	26.1074
3932.49	30.1069
3932.77	30.1065
3933.06	34.106
3933.35	26.1056
3933.64	24.1051
3933.93	36.1046
3934.22	26.1042
3934.51	32.1037
3934.8	36.1033
3935.09	32.1028
3935.38	26.1024
3935.67	32.1019
3935.96	24.1015
3936.25	14.101
3936.54	32.1005
3936.83	28.1001
3937.12	26.0996
3937.41	32.0992
3937.7	24.0987
3937.99	24.0983
3938.28	38.0978
3938.57	30.0974
3938.86	28.0969
3939.15	32.0965
3939.44	26.096
3939.73	28.0955
3940.02	30.0951
3940.31	30.0946
3940.6	32.0942
3940.89	30.0937
3941.17	26.0933
3941.46	28.0928
3941.75	28.0924
3942.04	34.0919
3942.33	30.0914
3942.62	30.091
3942.91	30.0905
3943.2	30.0901
3943.49	30.0896
3943.78	36.0892
3944.07	32.0887
3944.36	26.0883
3944.65	32.0878
3944.93	32.0874
3945.22	22.0869
3945.51	34.0864
3945.8	28.086
3946.09	24.0855
3946.38	32.0851
3946.67	28.0846
3946.96	28.0842
3947.25	40.0837
3947.54	24.0833
3947.82	28.0828
3948.11	34.0823
3948.4	24.0819
3948.69	32.0814
3948.98	30.081
3949.27	32.0805
3949.56	30.0801
3949.85	28.0796
3950.14	24.0792
3950.42	30.0787
3950.71	32.0783
3951	26.0778
3951.29	30.0773
3951.58	22.0769
3951.87	32.0764
3952.16	38.076
3952.44	20.0755
3952.73	32.0751
3953.02	26.0746
3953.31	26.0742
3953.6	32.0737
3953.89	28.0732
3954.18	22.0728
3954.46	32.0723
3954.75	24.0719
3955.04	32.0714
3955.33	38.071
3955.62	26.0705
3955.91	32.0701
3956.19	30.0696
3956.48	32.0692
3956.77	32.0687
3957.06	28.0682
3957.35	32.0678
3957.64	30.0673
3957.92	32.0669
3958.21	34.0664
3958.5	34.066
3958.79	30.0655
3959.08	34.0651
3959.36	32.0646
3959.65	28.0642
3959.94	24.0637
3960.23	26.0632
3960.52	18.0628
3960.81	32.0623
3961.09	30.0619
3961.38	28.0614
3961.67	32.061
3961.96	18.0605
3962.24	30.0601
3962.53	40.0596
3962.82	24.0591
3963.11	34.0587
3963.4	26.0582
3963.68	26.0578
3963.97	36.0573
3964.26	32.0569
3964.55	20.0564
3964.83	30.056
3965.12	28.0555
3965.41	26.0551
3965.7	34.0546
3965.98	30.0541
3966.27	26.0537
3966.56	30.0532
3966.85	30.0528
3967.14	32.0523
3967.42	36.0519
3967.71	22.0514
3968	32.051
3968.29	32.0505
3968.57	24.05
3968.86	34.0496
3969.15	32.0491
3969.44	20.0487
3969.72	36.0482
3970.01	26.0478
3970.3	22.0473
3970.58	28.0469
3970.87	28.0464
3971.16	36.046
3971.45	30.0455
3971.73	24.045
3972.02	32.0446
3972.31	38.0441
3972.6	20.0437
3972.88	26.0432
3973.17	32.0428
3973.46	24.0423
3973.74	38.0419
3974.03	28.0414
3974.32	26.0409
3974.61	34.0405
3974.89	30.04
3975.18	30.0396
3975.47	34.0391
3975.75	28.0387
3976.04	28.0382
3976.33	38.0378
3976.61	32.0373
3976.9	26.0369
3977.19	32.0364
3977.47	20.0359
3977.76	36.0355
3978.05	36.035
3978.33	28.0346
3978.62	38.0341
3978.91	32.0337
3979.19	30.0332
3979.48	30.0328
3979.77	24.0323
3980.05	32.0318
3980.34	36.0314
3980.63	26.0309
3980.92	34.0305
3981.2	38.03
3981.49	34.0296
3981.77	34.0291
3982.06	30.0287
3982.35	28.0282
3982.63	32.0278
3982.92	30.0273
3983.21	20.0268
3983.49	32.0264
3983.78	32.0259
3984.06	22.0255
3984.35	32.025
3984.64	26.0246
3984.92	26.0241
3985.21	42.0237
3985.5	22.0232
3985.78	30.0227
3986.07	28.0223
3986.36	24.0218
3986.64	30.0214
3986.93	28.0209
3987.21	22.0205
3987.5	32.02
3987.79	30.0196
3988.07	26.0191
3988.36	30.0187
3988.65	32.0182
3988.93	26.0177
3989.22	32.0173
3989.5	32.0168
3989.79	30.0164
3990.07	32.0159
3990.36	32.0155
3990.65	30.015
3990.93	32.0146
3991.22	30.0141
3991.5	22.0136
3991.79	32.0132
3992.08	30.0127
3992.36	36.0123
3992.65	28.0118
3992.93	30.0114
3993.22	26.0109
3993.5	24.0105
3993.79	32.01
3994.07	36.0096
3994.36	30.0091
3994.65	30.0086
3994.93	34.0082
3995.22	24.0077
3995.5	26.0073
3995.79	36.0068
3996.07	24.0064
3996.36	32.0059
3996.64	30.0055
3996.93	26.005
3997.22	38.0046
3997.5	32.0041
3997.79	30.0036
3998.07	40.0032
3998.36	30.0027
3998.64	22.0023
3998.93	34.0018
3999.21	20.0014
3999.5	30.0009
3999.78	36.0005
